[
    {"seat": "NA-46", "source": "form45.com"},
    {"seat": "NA-47", "source": "form45.com"},
    {"seat": "NA-48", "source": "form45.com"},
    {"seat": "NA-49", "source": "form45.com"},
    {"seat": "NA-50", "source": "form45.com"},
    {"seat": "NA-57", "source": "form45.com"},
    {"seat": "NA-106", "source": "form45.com"},
    {"seat": "NA-128", "source": "form45.com"},
    {"seat": "NA-139", "source": "form45.com"},
    {"seat": "NA-148", "source": "form45.com"},
    {"seat": "NA-151", "source": "form45.com"},
    {"seat": "NA-164", "source": "form45.com"},
    {"seat": "NA-219", "source": "form45.com"},
    {"seat": "NA-233", "source": "form45.com"},
    {"seat": "NA-234", "source": "form45.com"},
    {"seat": "NA-235", "source": "form45.com"},
    {"seat": "NA-241", "source": "form45.com"},
    {"seat": "NA-246", "source": "form45.com"},
    {"seat": "NA-247", "source": "form45.com"},
    {"seat": "NA-248", "source": "form45.com"},
    {"seat": "NA-250", "source": "form45.com"},
    {"seat": "PK-79", "source": "form45.com"},
    {"seat": "PS-116", "source": "form45.com"},
    {"seat": "PS-94", "source": "form45.com"},
    {"seat": "PP-169", "source": "form45.com"},
    {"seat": "PS-102", "source": "form45.com"},
    {"seat": "PS-97", "source": "form45.com"},
    {"seat": "PS-120", "source": "form45.com"},
    {"seat": "PS-100", "source": "form45.com"},
    {"seat": "PP-145", "source": "form45.com"},
    {"seat": "NA-238", "source": "PROJECT45"}
]
