No,Name,IND-PTI,IND,TLP,PML-N,Total Votes,Filename
1,1 - Government Girls Elementary School Bakhshi Park TTSingh (Male)-I,500,30,78,302,,
2,2 - Dastkari School Gou Shalla Toba Tek Singh (Female)-I,337,40,49,221,,
3,3 - Government Boys Degree College Toba Tek Singh (Male)-I,195,11,16,112,,
4,4 - Government Boys Degree College Toba Tek Singh (Female)-I,162,17,4,114,,
5,5 - Government Degree College Women Jhang Road TTSingh (OLD BLOCK) (Male)-I,506,35,63,337,,
6,6 - Government Model High School High Portion TTSingh (Female)-I,440,59,48,251,,
7,7 - Government Degree College Women Jhang Road TTSingh (OLD BLOCK) (Male)-II,283,10,21,185,,
8,8 - Government Model High School High Portion TTSingh (Female)-II,260,28,13,116,,
9,9 - Government Girls Primary School VI Raja Park TTSingh (Combined)-I,146,4,6,64,,
10,10 - Government Girls Primary School VI Raja Park TTSingh (Male),367,10,16,213,,
11,11 - Government Girls Primary School VI Raja Park TTSingh (Female)-I,327,25,5,160,,
12,12 - Government Model High School Elementary Portion Jhang Road (Male)-I,487,12,22,315,,
13,13 - Government Model High School Elementary Portion Jhang Road (Female)-I,422,27,29,243,,
14,14 - Government Girls High School II Near Water Works TTSingh (Male)-I,269,7,12,202,,
15,15 - Government Girls High School II Near Water Works TTSingh Female-II,243,27,10,153,,
16,16 - Government Boys Primary School III Gobind Pura Toba Tek Singh (Male)-I,536,8,104,488,,
17,17 - Office of the XEN Highways TTSingh (Female)-I,380,62,34,297,,
18,18 - Government Girls High School Gobind Pura III TTSingh (Male)-I,537,23,41,398,,
19,19 - Office of the XEN Highways TTSingh (Female)-II,445,36,18,266,,
20,20 - office of the SDO Buildings Department  T.TSingh (Male)-I,223,6,9,111,,
21,21 - office of the SDO Buildings Department  T.TSingh Male-III,338,19,21,226,,
22,22 - Government Model Primary School Faiz Colony TTSingh (Female)-I,252,35,6,182,,
23,23 - Government Model Primary School Faiz Colony TTSingh (Female)-II,188,13,6,91,,
24,24 - Office of the Assistant Agriculture District Authority Near Railway Station TTSingh (Male)-I,408,25,29,304,,
25,25 - Government Boys Elementary School Housing Colony No.1 Toba Tek Singh (Female)-I,380,37,14,201,,
26,26 - Government Girls Jafferia High School Front Portion TTSingh (Male)-I,229,16,21,351,,
27,27 - Government Girls Jafferia High School Back Portion (Female)-I,198,36,9,321,,
28,28 - Government Boys Elementary School (IQRA Elementary Portion) Bakhshi Park Gou Shalla Road Toba Tek Singh (Male)-I,550,32,64,372,,
29,29 - Government Boys Elementary School (IQRA Elementary Portion) Bakhshi Park Gou Shalla Road Toba Tek Singh (Female)-I,406,57,42,305,,
30,30 - Government Boys Islamia Secondary School Old Portion TTSingh (Male)-I,258,23,20,191,,
31,31 - Government Boys Islamia Secondary School New Portion Toba Tek Singh (Male)-I,447,18,39,285,,
32,32 - Government Girls High School No.1 Eid Gah Road TTSingh (Female)-I,354,28,14,196,,
33,33 - Government Girls High School No.1 Eid Gah Road TTSingh (Female)-II,205,33,9,113,,
34,34 - Government Girls Latif High School New Portion TTSingh (Combined)-I,368,26,38,248,,
35,35 - Government Latif High School Old Portion TTSingh (Male)-I,279,16,21,213,,
36,36 - Government Girls Latif High School New Portion TTSingh (Female)-I,197,23,14,157,,
37,37 - Government Boys Primary School IV Awami Basti TTSingh (Male)-I,466,26,36,338,,
38,38 - Government Boys Primary School IV Awami Basti TTSingh (Combined)-I,679,61,51,569,,
39,39 - Government Primary School II Awami Basti TTSingh (Female)-I,510,16,60,412,,
40,40 - Vocational Training Institute (Women) TTSingh (Male)-I,323,16,10,244,,
41,41 - Government Degree College (Women) (AYESHA BLOCK) Jhang Road TTSingh (Female)-I,272,25,4,154,,
42,42 - Town Hall Buldia TTSingh (Male)-I,628,33,25,490,,
43,43 - Government Girls Imtiaz High School Primary Portion (Female)-I,492,27,20,296,,
44,44 - Office of the Assistant Food Controller TTSingh (Male)-I,339,25,42,421,,
45,45 - Office of the Assistant Food Controller TTSingh (Male)-II,193,3,16,154,,
46,46 - Government Jadeed Girls Primary School II Changer Mohallah TTSingh (Female)-I,185,20,17,288,,
47,47 - Government Jadeed Girls Primary School II Changer Mohallah TTSingh (Female)-II,185,20,17,288,,
48,48 - Government Boys Primary School 330 JB TTSingh Combined-II,94,29,4,128,,
49,49 - Government Girls Elementary School 330 JB TTSingh (Male)-I,301,28,32,302,,
50,50 - Government Girls Elementary School 330 JB TTSingh (Female)-I,263,37,12,215,,
51,51 - Government Girls Elementary School 330 JB TTSingh (Female)-II,215,46,29,201,,
52,52 - Government Girls Elementary School 330 JB TTSingh (Male)-II,294,31,57,278,,
53,53 - Government Model High School 331 JB TTSingh (Combined)-I,467,43,16,198,,
54,54 - Government Model High School 331 JB TTSingh Combined-III,689,57,3,118,,
55,55 - Government Girls Elementary School Zia Colony 331 JB TTSingh (Male)-I,123,16,0,43,,
56,56 - Government Girls Elementary School Zia Colony 331 JB TTSingh (Female)-I,83,17,0,36,,
57,57 - Government Boys High School 322 JB Toba Tek Singh (Combined)-I,401,36,41,336,,
58,58 - Government Boys High School 322 JB Toba Tek Singh (Male)-I,274,23,36,356,,
59,59 - Government Girls High School 322 JB Toba Tek Singh (Female)-I,229,34,8,246,,
60,60 - Government Boys Primary School 327 JB Toba Tek Singh (Combined)-I,376,26,67,234,,
61,61 - Government Boys Primary School 327 JB Toba Tek Singh (Combined)-II,169,35,30,142,,
62,62 - Government Model Primary School Ghazia Abad TTSingh (Male)-I,266,29,51,226,,
63,63 - Office of the Deputy Director Livestock Ghazia Abad TTSingh (Female)-I,255,42,25,168,,
64,64 - Government Boys Primary School 328 JB TTSingh (Male)-I,262,13,22,179,,
65,65 - Government Girls Primary School 328 JB TTSingh (Female)-I,166,22,15,104,,
66,66 - Government Girls Community Model Primary School Rehmat Abad TTSingh (Combined)-I,244,48,29,242,,
67,67 - Government Model Primary School 329 JB TTSingh (Combined)-I,155,62,35,486,,
68,68 - Government Boys Elementary School 318 JB Toba Tek Singh (Combined)-I,335,55,10,228,,
69,69 - Government Girls High School 318 JB TTSingh (Combined)-I,505,45,37,303,,
70,70 - Government Primary School 321 JB TTSingh (Male)-I,201,17,52,170,,
71,71 - Government Primary School 321 JB TTSingh (Female)-I,144,21,26,97,,
72,72 - Government Primary School 321 JB (Main Portion) TTSingh (Combined)-I,415,68,46,213,,
73,73 - Government Boys Elementary School 323 JB Tarandi Toba Tek Singh (Male)-I,383,25,20,384,,
74,74 - Government Boys Elementary School 323 JB Tarandi Toba Tek Singh (Female)-I,268,41,7,314,,
75,75 - Government Girls High School 323 JB Tarandi TTSingh (Combined)-I,352,29,35,413,,
76,76 - Government Girls Primary School 323 JB Qayam Pur TTSingh (Combined)-I,254,38,20,115,,
77,77 - Government Boys Primary School 324 JB TTSingh (Male)-I,268,22,41,178,,
78,78 - Government Girls High School 324 JB TTSingh (Female)-I,190,32,26,157,,
79,79 - Government Girls High School North 324 JB TTSingh (Male)-I,160,17,66,119,,
80,80 - Government Girls High School North 324 JB TTSingh Combined-II,420,48,192,455,,
81,81 - Government Girls High School South 324 JB Toba Tek Singh (Female)-I,162,17,4,114,,
82,82 - Government Boys High School 380 JB Toba Tek Singh (Male)-I,260,13,74,312,,
83,83 - Government Girls High School 380 JB TTSingh (Female)-I,180,28,62,215,,
84,84 - Government Boys High School 319 JB Toba Tek Singh (Male)-I,419,21,36,126,,
85,85 - Government Boys High School 319 JB Toba Tek Singh (Combined)-I,357,35,24,133,,
86,86 - Rural Health Centre 319 JB TTSingh Female-II,298,32,23,65,,
87,87 - Government Girls High School 320 JB TTSingh (Male)-I,267,35,60,248,,
88,88 - Government Girls High School 320 JB TTSingh (Female)-I,233,33,36,197,,
89,89 - Government Boys Primary School 376 JB Toba Tek Singh (Combined)-I,161,36,2,301,,
90,90 - Government Girls Elementary School 376 JB Toba Tek Singh (Combined)-I,314,63,17,456,,
91,91 - Government Boys Higher Secondary School 379 JB Kaloya Toba Tek Singh (Combined)-I,197,28,51,229,,
92,92 - Government Girls Higher Secondary School 379 JB Kaloya Toba Tek Singh (Combined)-I,238,54,108,404,,
93,93 - Government Model Primary School 477 JB Toba Tek Singh (Male)-I,210,35,24,403,,
94,94 - Government Model Primary School 477 JB Toba Tek Singh (Female)-I,151,46,18,362,,
95,95 - Government Girls Primary School 382 JB Feroz Toba Tek Singh (Combined)-I,150,11,14,402,,
96,96 - Government Girls Elementary School 382 JB Jalalpur Toba Tek Singh (Combined)-I,185,22,50,322,,
97,97 - Government Girls Elementary School 382 JB Jalalpur Toba Tek Singh (Combined)-II,119,12,14,212,,
98,98 - Government Boys Elementary School 383 JB Toba Tek Singh (Combined)-I,236,12,17,511,,
99,99 - Government Girls Elementary School 383 JB Toba Tek Singh (Combined)-I,202,15,23,639,,
100,100 - Government Model Primary School 384 JB Toba Tek Singh (Combined)-I,351,58,184,409,,
101,101 - Government Boys Elementary School 388 JB Toba Tek Singh (Male)-I,180,21,12,289,,
102,102 - Government Boys Elementary School 388 JB Toba Tek Singh (Male)-II,339,44,24,381,,
103,103 - Government Girls High School 388 JB Toba Tek Singh (Female)-I,281,54,14,274,,
104,104 - Government Girls High School 388 JB Toba Tek Singh (Female)-II,140,30,11,235,,
105,105 - Government Boys Primary School 325 JB Toba Tek Singh (Combined)-I,485,74,20,739,,
106,106 - Government Girls High School 325 JB Toba Tek Singh (Combined)-I,361,49,5,242,,
107,107 - Government Boys Elementary School 381 JB Toba Tek Singh (Male)-I,143,21,27,400,,
108,108 - Government Girls Elementary School 381 JB Toba Tek Singh (Female)-I,143,32,23,320,,
109,109 - Government Boys High School 391 JB Toba Tek Singh (Male)-I,301,61,45,435,,
110,110 - Government Girls Elementary School 391 JB Toba Tek Singh (Female)-I,223,39,25,316,,
111,111 - Government Girls Elementary School 396 JB Toba Tek Singh (Combined)-I,284,74,3,225,,
112,112 - Government Girls Elementary School 397 JB Toba Tek Singh Combined-III,329,84,58,302,,
113,113 - Government Girls Elementary School 397 JB Toba Tek Singh (Combined)-II,289,76,18,131,,
114,114 - Government Model Primary School 398 JB Toba Tek Singh (Combined)-I,223,38,14,232,,
115,115 - Government Girls Primary School 469 JB TTSingh (Combined)-I,190,54,9,498,,
116,116 - Government Model Primary School 390 JB Toba Tek Singh (Combined)-I,264,31,24,215,,
117,117 - Government Boys Primary School 392 JB Chattala Toba Tek Singh (Combined)-I,274,28,21,443,,
118,118 - Government Boys Elementary School 392 JB Ghar Dewali Toba Tek Singh Combined-III,239,27,30,418,,
119,119 - Government Boys Elementary School 392 JB Ghar Dewali Toba Tek Singh (Combined)-II,153,21,13,311,,
120,120 - Government Boys Elementary School 395 JB Toba Tek Singh (Combined)-I,374,51,11,333,,
121,121 - Government Girls Elementary School 395 JB Toba Tek Singh (Combined)-I,180,21,18,210,,
122,122 - Government Boys Elementary School 296 GB Toba Tek Singh (Male)-I,352,54,37,523,,
123,123 - Government Girls High School 296 GB Toba Tek Singh (Female)-I,267,0,19,402,,
124,124 - Government Boys Elementary School 297 GB Toba Tek Singh (Combined)-I,334,55,13,568,,
125,125 - Government Girls High School 297 GB Toba Tek Singh (Combined)-I,302,51,21,611,,
126,126 - Government Boys Elementary School 298 GB Toba Tek Singh (Combined),512,61,33,241,,
127,127 - Government Girls Elementary School 298 GB Toba Tek Singh (Combined)-I,285,43,28,267,,
128,128 - Government Boys Elementary School 299 GB Toba Tek Singh (Combined)-I,426,52,56,312,,
129,129 - Government Boys Elementary School 299 GB Toba Tek Singh (Combined)-II,195,21,63,114,,
130,130 - Government Girls Community Model Primary School 299 GB Toba Tek Singh (Combined)-I,72,24,17,231,,
131,131 - Government Girls Community Model Primary School 299 GB Toba Tek Singh (Combined)-II,169,30,48,180,,
132,132 - Government Boys Primary School 318 GB Toba Tek Singh (Combined)-I,459,41,87,361,,
133,133 - Government Boys Primary School 318 GB Toba Tek Singh (Combined)-II,184,24,100,167,,
134,134 - Government Boys High School 346 GB Toba Tek Singh (Combined)-I,431,90,174,467,,
135,135 - Government Girls Community Model Elementary School 346 GB Toba Tek Singh (Combined)-I,352,26,39,448,,
136,136 - Government Boys Elementary School 347 GB Toba Tek Singh (Combined)-I,405,73,57,489,,
137,137 - Government Boys Elementary School 347 GB Toba Tek Singh (Combined)-II,160,8,53,124,,
138,138 - Government Girls High School 347 GB Toba Tek Singh (Combined)-I,253,48,32,415,,
139,139 - Government Girls Primary School 301 GB Nai Abadi Toba Tek Singh (Combined)-I,269,30,3,286,,
140,140 - Government Girls High School 301 GB Toba Tek Singh (Combined)-I,651,45,13,464,,
141,141 - Government Boys High School 301 GB Toba Tek Singh (Male)-I,250,21,10,286,,
142,142 - Government Girls High School 301 GB Toba Tek Singh (Female)-I,198,23,9,242,,
143,143 - Government Girls High School 302 GB Toba Tek Singh (Combined)-I,584,55,14,300,,
144,144 - Government Girls High School 302 GB Toba Tek Singh Combined-III,398,66,19,396,,
145,145 - Government Model Primary School 345 GB Toba Tek Singh (Male)-I,355,31,24,244,,
146,146 - Government Model Primary School 345 GB Toba Tek Singh (Female),276,33,15,174,,
147,147 - Government Girls Elementary School 303 GB Toba Tek Singh (Combined)-I,365,39,9,211,,
148,148 - Government Girls Elementary School 303 GB Toba Tek Singh (Combined)-II,293,30,12,223,,
149,149 - Government Girls High School No.1 Primary Portion 304 GB Toba Tek Singh (Male)-I,364,45,10,339,,
150,150 - Government Girls High School I Elementary Portion 304 GB TTSingh Female-II,344,58,11,312,,
151,151 - Government Girls High School 305 GB Toba Tek Singh (Combined)-I,467,32,14,529,,
152,152 - Government Girls Elementary School 306 GB Toba Tek Singh (Combined)-I,233,22,3,234,,
153,153 - Government Girls Elementary School 306 GB Toba Tek Singh (Combined)-II,363,47,10,344,,
154,154 - Government Girls High School 314 GB Toba Tek Singh (Combined)-I,297,29,5,212,,
155,155 - Government Girls High School 314 GB Toba Tek Singh (Combined)-II,264,44,2,245,,
156,156 - Government Model Primary School 315 GB Toba Tek Singh (Combined)-I,482,56,19,436,,
157,157 - Government Girls Elementary School 409 JB Toba Tek Singh (Combined)-I,165,17,17,175,,
158,158 - Government Girls Elementary School 409 JB Toba Tek Singh (Combined)-II,308,31,67,331,,
159,159 - Government Boys Primary School 309 GB Toba Tek Singh (Combined)-I,260,24,30,416,,
160,160 - Government Girls High School 309 GB Toba Tek Singh (Combined)-I,187,41,79,220,,
161,161 - Government Girls Elementary School 317 GB Toba Tek Singh (Combined)-I,328,16,30,218,,
162,162 - Government Girls Elementary School 317 GB Toba Tek Singh (Combined)-II,275,28,18,123,,
163,163 - Government Girls Elementary School 344 GB Toba Tek Singh (Female)-I,267,59,4,167,,
164,164 - Government Girls Elementary School 344 GB Toba Tek Singh (Male)-I,351,36,16,168,,
165,165 - Government Model Primary School 310 GB Toba Tek Singh (Combined)-I,337,15,5,301,,
166,166 - Government Boys Primary School 311 GB Toba Tek Singh (Combined)-I,286,44,21,221,,
167,167 - Government Boys Primary School 311 GB Toba Tek Singh (Combined)-II,272,32,2,188,,
168,168 - Government Boys Primary School 316 GB Toba Tek Singh (Male)-I,303,28,9,325,,
169,169 - Government Girls Higher Secondary School 316 GB Toba Tek Singh (Female)-I,317,47,9,264,,
170,170 - Government Model Primary School 407 JB Toba Tek Singh (Combined)-I,578,73,22,302,,
171,171 - Government Girls High School 408 JB Toba Tek Singh (Male)-I,566,35,6,105,,
172,172 - Government Girls High School 408 JB Toba Tek Singh (Female)-I,387,38,0,79,,
173,173 - Government Girls High School 408 JB Toba Tek Singh (Combined)-I,461,44,0,136,,
174,174 - Government Girls Elementary School 410 JB Toba Tek Singh (Combined)-I,440,48,17,572,,
175,175 - Rural Health Centre 411 JB Toba Tek Singh (Combined)-I,177,20,6,363,,
176,176 - Govt. Girls Elementary School 402 JB (Combined)-I,340,65,12,665,,
177,177 - Government Girls Elementary School 403 JB Toba Tek Singh (Male)-I,409,62,33,382,,
178,178 - Government Girls Elementary School 403 JB Toba Tek Singh (Female)-I,269,53,16,265,,
179,179 - Government Girls Elementary School 405 JB Toba Tek Singh (Combined)-I,340,50,12,446,,
180,180 - Government Girls Primary School 400 JB Toba Tek Singh (Combined)-I,230,52,4,297,,
181,181 - Government Model Primary School 401 JB Daban Wala Toba Tek Singh (Combined)-I,474,85,22,356,,
182,182 - Government Model Primary School 401 JB Daban Wala Toba Tek Singh Combined-III,164,26,0,282,,
183,183 - Government Boys Primary School 393 JB Toba Tek Singh (Combined)-I,326,58,29,361,,
184,184 - Government Girls High School 393 JB Toba Tek Singh (Combined)-I,348,55,29,327,,
185,185 - Government Girls High School No.1 394 JB Toba Tek Singh (Male)-I,357,111,21,314,,
186,186 - Government Girls High School No.1 394 JB Toba Tek Singh (Female)-I,279,47,13,259,,
187,187 - Government Girls Elementary School 399 JB Toba Tek Singh (Combined)-I,385,41,20,412,,
188,188 - Government Boys Elementary School II 327 GB Pirmahal (Combined)-I,237,37,7,365,,
189,189 - Government Boys Elementary School I 327 GB Pirmahal (Male)-I,382,17,6,485,,
190,190 - Government Boys Elementary School I 327 GB Pirmahal (Female)-I,369,53,4,362,,
191,191 - Government Boys Primary School II 327 GB Pirmahal (Combined)-I,259,59,15,400,,
192,192 - Government Girls High School 327 GB Pirmahal (Male)-I,174,31,11,302,,
193,193 - Government Girls High School 327 GB Pirmahal (Female)-I,143,21,2,262,,
194,194 - Government Girls Elementary School 312 GB Pirmahal (Combined)-I,216,39,2,183,,
195,195 - Government Boys Primary School 312 GB Pirmahal (Combined)-I,386,78,11,310,,
196,196 - Government Boys High School 313 GB Pirmahal (Combined)-I,479,90,4,420,,
197,197 - Government Boys Primary School 326 GB Pirmahal (Male)-I,415,38,7,460,,
198,198 - Government Girls Elementary School 326 GB Pirmahal (Female)-I,319,65,3,387,,
199,199 - Government Boys Primary School 328 GB Pirmahal (Combined)-I,162,48,13,443,,
200,200 - Government Girls Elementary School 328 GB Pirmahal (Combined)-I,187,31,6,371,,
201,201 - Government Girls Elementary School 329 GB Pirmahal (Combined)-I,270,39,28,506,,
202,202 - Government Boys Primary School PAF Colony Shorkot Cantt Pirmahal Combined-II,135,18,3,119,,
203,203 - Government Girls Elementary School 322 GB Pirmahal (Male)-I,207,33,13,303,,
204,204 - Government Boys Primary School 322 GB Pirmahal (Female)-I,154,39,4,221,,
205,205 - Government Boys Elementary School 323 GB Pirmahal (Male)-I,248,33,4,470,,
206,206 - Government Girls Elementary School 323 GB Pirmahal (Female)-I,194,52,6,329,,
207,207 - Government Model Girls Primay School 331 GB Noor Pur Pirmahal (Male)-I,170,31,20,378,,
208,208 - Government Model Boys Primary School 331 GB Noor Pur Pirmahal Female-II,128,30,7,320,,
209,209 - Government Girls Primary School 331 GB Saleem Pur Pirmahal (Combined)-I,126,18,19,513,,
210,210 - Government Boys Primary School 331 GB Saleem Pur Pirmahal (Combined)-I,96,11,12,241,,
211,211 - Government Boys Primary School 334 GB Pirmahal (Male)-I,242,18,21,439,,
212,212 - Government Girls High School 334 GB Pirmahal (Female)-I,231,62,8,363,,
213,213 - Government Boys High School 333 GB Pirmahal (Combined)-I,197,15,7,236,,
214,214 - Government Girls High School 333 GB Pirmahal Male-II,230,23,17,492,,
215,215 - Government Girls High School 333 GB Pirmahal (Female)-I,197,24,11,381,,
216,216 - Government Model Primary School 332 GB II Pirmahal (Combined)-I,123,14,18,224,,
217,217 - Government Girls High School 332 GB Pirmahal (Male)-I,234,43,22,316,,
218,218 - Government Girls High School 332 GB Pirmahal (Female)-I,185,54,12,233,,
219,219 - Government Model Primary School 332 GB II Pirmahal (Combined)-II,232,52,26,300,,
220,220 - Government Girls Elementary School 308 GB Pirmahal (Male)-I,207,33,70,326,,
221,221 - Government Girls Elementary School 308 GB Pirmahal (Female)-I,167,40,36,273,,
222,222 - Government Boys Primary School 263 GB TTSingh (Combined)-I,242,0,55,237,,
223,223 - Government Girls Primary School 263 GB Toba Tek Singh (Combined)-I,448,0,18,451,,
224,224 - Government Boys Primary School 264 GB Toba Tek Singh (Combined)-I,145,0,5,227,,
225,225 - Government Girls Elementary School 264 GB Toba Tek Singh (Combined)-I,477,0,10,477,,
226,226 - Government Boys Primary School 265 GB Toba Tek Singh (Combined)-I,310,1,5,324,,
227,227 - Government Girls Primary School 265 GB Toba Tek Singh (Combined)-I,364,1,14,294,,
228,228 - Government Girls Primary School 287 GB-I Toba Tek Singh Combined-I,545,5,9,433,,
229,229 - Government Boys Primary School 287 GB North Toba Tek Singh (Combined)-I,371,3,45,272,,
230,230 - Government Girls Elementary School 268 GB Toba Tek Singh (Combined)-I,446,1,14,331,,
231,231 - Government Boys Primary School 268 GB Toba Tek Singh (Combined)-I,345,1,11,208,,
232,232 - Government Boys Primary School 266 GB Toba Tek Singh (Male)-I,459,0,62,375,,
233,233 - Government Girls Primary School 266 GB Toba Tek Singh (Female)-I,321,1,30,279,,
234,234 - Government Boys High School 269 GB Toba Tek Singh (Male)-I,395,1,13,386,,
235,235 - Government Girls Primary School 269 GB Kot Khitran (Female)-I,333,0,6,331,,
236,236 - Union Council Office 269 GB Toba Tek Singh (Combined)-I,231,0,10,275,,
237,237 - Union Council Office 269 GB Toba Tek Singh (Combined)-II,310,0,5,242,,
238,238 - Government Boys Primary School 270 GB Toba Tek Singh (Male)-I,385,0,43,363,,
239,239 - Government Girls Primary School 270 GB Toba Tek Singh (Female)-I,229,0,10,234,,
240,240 - Government Boys Primary School 271 GB Toba Tek Singh (Male)-I,427,2,0,395,,
241,241 - Government Girls Elementary School 271 GB-I Toba Tek Singh (Female)-I,287,0,0,247,,
242,242 - Government Girls Primary School 187 GB Toba Tek Singh (Combined)-I,423,0,27,487,,
243,243 - Government Boys Primary School 187 GB Toba Tek Singh (Male)-I,410,0,23,382,,
244,244 - Government Girls Primary School 187 GB Toba Tek Singh (Female)-I,273,2,9,245,,
245,245 - Government Boys Primary School 188 GB TTSingh (Combined)-I,350,0,14,303,,
246,246 - Government Boys Primary School 188 GB TTSingh (Combined)-II,192,0,8,204,,
247,247 - Government Girls Elementary School 188 GB I Toba Tek Singh (Combined)-III,271,0,26,226,,
248,248 - Government Girls Elementary School 188 GB I Toba Tek Singh (Combined)-IV,655,2,95,411,,
249,249 - Government Boys Primary School 515 GB Toba Tek Singh (Male)-I,381,3,88,499,,
250,250 - Government Girls Primary School 515 GB Toba Tek Singh (Female)-I,242,0,48,292,,
251,251 - Government Boys Elementary School Chora Bhojya Toba Tek Singh (Male)-I,357,0,119,270,,
252,252 - Government Girls Primary School Chora Bhojya I Toba Tek Singh (Female)-I,296,1,52,180,,
253,253 - Government Boys Elementary School 189 GB Toba Tek Singh (Combined)-I,631,0,52,403,,
254,254 - Government Girls High School 189 GB Toba Tek Singh (Combined)-III,373,0,17,266,,
255,255 - Government Girls High School 189 GB Toba Tek Singh (Combined)-II,303,0,15,266,,
256,256 - Government Boys Primary School 512 GB Toba Tek Singh (Combined)-I,163,0,32,214,,
257,257 - Government Boys Primary School 512 GB Toba Tek Singh (Combined)-II,452,2,83,387,,
258,258 - Government Boys Primary School 513 GB Toba Tek Singh (Male)-I,318,2,39,279,,
259,259 - Government Girls Elementary School 513 GB Toba Tek Singh (Female)-I,293,0,7,208,,
260,260 - Government Boys Primary School 190 GB Toba Tek Singh (Combined)-I,584,0,10,545,,
261,261 - Government Boys High School 191 GB Toba Tek Singh (Male)-I,604,1,19,309,,
262,262 - Government Girls High School 191 GB Toba Tek Singh (Female)-I,539,2,7,227,,
263,263 - Government Girls Primary School 194 GB Toba Tek Singh (Combined)-I,456,0,12,191,,
264,264 - Government Girls Primary School 194 GB Toba Tek Singh (Combined)-II,306,0,0,96,,
265,265 - Government Boys High School 184 GB Toba Tek Singh (Combined)-I,248,1,4,436,,
266,266 - Government Girls High School 184 GB Toba Tek Singh (Combined)-I,257,1,3,794,,
267,267 - Government Model Primary School 185 GB Toba Tek Singh (Combined)-I,559,1,5,271,,
268,268 - Government Model Primary School 186 GB Toba Tek Singh (Combined)-I,381,0,2,238,,
269,269 - Government Model Primary School 186 GB Toba Tek Singh (Combined)-II,168,1,4,330,,
270,270 - Government Girls Primary School 260 GB Toba Tek Singh (Combined)-I,282,3,13,738,,
271,271 - Government Boys High School 261 GB Toba Tek Singh (Male)-I,332,0,16,394,,
272,272 - Government Boys High School 261 GB Toba Tek Singh (Combined)-I,406,3,9,355,,
273,273 - Government Girls Primary School 261 GB I Toba Tek Singh (Female)-I,228,0,2,248,,
274,274 - Government Boys Elementary School 262 GB Toba Tek Singh (Combined)-I,223,0,1,307,,
275,275 - Government Girls Elementary School 262 GB Toba Tek Singh (Combined)-I,479,0,14,553,,
276,276 - Government Girls Primary School 267 GB Toba Tek Singh (Combined)-I,310,2,33,597,,
277,277 - Government Boys Primary School 360 GB Toba Tek Singh (Male)-I,279,0,22,305,,
278,278 - Government Boys Primary School 360 GB Toba Tek Singh (Combined)-I,353,0,16,351,,
279,279 - Government Girls High School 360 GB Toba Tek Singh (Female)-I,269,0,17,241,,
280,280 - Government Boys Primary School 536 GB South Toba Tek Singh (Combined)-I,522,1,18,549,,
281,281 - Government Boys High School 361 GB Toba Tek Singh (Male)-I,334,1,11,219,,
282,282 - Government Boys High School 361 GB Toba Tek Singh (Combined)-I,421,4,25,505,,
283,283 - Government Girls High School 361 GB Toba Tek Singh (Female)-I,345,0,1,178,,
284,284 - Government Girls High School 284 GB Toba Tek Singh (Male)-I,532,1,18,328,,
285,285 - Government Girls High School 284 GB Toba Tek Singh (Female)-I,431,0,6,264,,
286,286 - Government Boys High School 284 GB Toba Tek Singh (Male)-I,380,0,19,406,,
287,287 - Government Boys High School 284 GB Toba Tek Singh (Female)-I,329,1,17,292,,
288,288 - Government Girls Elementary School 291 GB Primary Portion Toba Tek Singh (Male)-I,294,0,58,345,,
289,289 - Government Girls Elementary School 291 GB Primary Portion Toba Tek Singh (Female)-I,265,1,46,300,,
290,290 - Government Girls Elementary School 291 GB Primary Portion Toba Tek Singh (Female)-II,252,0,26,214,,
291,291 - Government Girls Elementary School 291 GB Primary Portion Toba Tek Singh (Male)-II,305,0,36,273,,
292,292 - Government Boys Primary School 291 GB I Toba Tek Singh (Combined)-I,183,0,32,301,,
293,293 - Government Boys Primary School 291 GB I Toba Tek Singh (Combined)-II,100,1,27,280,,
294,294 - Government Boys Primary School 335 GB Banga Nau Toba Tek Singh (Combined)-I,403,3,9,379,,
295,295 - Government Boys Primary School 335 GB Banga Nau Toba Tek Singh (Male)-I,389,0,21,473,,
296,296 - Government Girls High School 335 GB Toba Tek Singh (Female)-I,318,3,10,414,,
297,297 - Government Boys Primary School 286 GB-I Seth abadi Toba Tek Singh (Combined)-I,342,3,44,405,,
298,298 - Government Girls Elementary School 286 GB Deh Toba Tek Singh (Male)-I,316,0,58,348,,
299,299 - Government Model Elementary School 286 GB-II Jatt Group Toba Tek Singh (Female)-I,244,2,33,223,,
300,300 - Government Model Primary School 286 GB-III Arain Group Toba Tek Singh (Combined)-I,358,2,26,623,,
301,301 - Government Boys Primary School 285 GB Abadi Deh Toba Tek Singh (Male)-I,388,2,99,334,,
302,302 - Government Boys Primary School 285 GB Abadi Deh Toba Tek Singh (Female)-I,336,1,70,258,,
303,303 - Government Girls Community Model High School 285 GB Abadi Deh Toba Tek Singh (Female)-I,386,0,66,312,,
304,304 - Government Boys Elementary School 285 GB Samundri Road Rajana Toba Tek Singh (Male)-I,452,0,85,372,,
305,305 - Government Boys Elementary School 285 GB Samundri Road Rajana Toba Tek Singh (Male)-II,307,0,62,239,,
306,306 - Government Girls Higher Secondary School Samundri Road Rajana Toba Tek Singh (Female)-I,259,0,29,135,,
307,307 - Government Boys Higher Secondary School Toba Road Rajana Toba Tek Singh (Male)-I,304,2,41,221,,
308,308 - Government Boys Higher Secondary School Toba Road Rajana Toba Tek Singh (Female)-I,253,3,20,206,,
309,309 - Government Girls Higher Secondary School Samundri Road Rajana Toba Tek Singh (Male)-I,250,0,40,207,,
310,310 - Government Girls Higher Secondary School Samundri Road Rajana Toba Tek Singh (Female)-II,217,1,25,155,,
311,311 - Government Boys High School 288 GB Toba Tek Singh (Male)-I,595,2,12,281,,
312,312 - Government Girls Elementary School 288 GB Toba Tek Singh (Female)-I,608,2,8,230,,
313,313 - Government Boys Elementary School 289 GB Toba Tek Singh (Male)-I,282,0,96,336,,
314,314 - Government Girls Primary School 289 GB Toba Tek Singh (Female)-I,292,1,53,266,,
315,315 - Government Boys Elementary School 290 GB Toba Tek Singh (Male)-I,600,1,44,326,,
316,316 - Government Girls High School 290 GB Toba Tek Singh (Female)-I,539,0,17,283,,
317,317 - Government Boys High School 148 GB Toba Tek Singh (Combined)-I,307,2,28,245,,
318,318 - Government Girls Higher Secondary School 148 GB Toba Tek Singh (Combined)-I,368,0,15,263,,
319,319 - Government Boys High School 519 GB Toba Tek Singh (Combined)-I,467,2,15,345,,
320,320 - Government Girls High School 519 GB Toba Tek Singh (Combined)-I,478,3,16,280,,
321,321 - Government Boys Primary School 520 GB Toba Tek Singh (Combined)-I,259,1,50,284,,
322,322 - Government Girls High School 520 GB Toba Tek Singh (Combined)-I,412,1,84,223,,
323,323 - Government Boys High School 521 GB Toba Tek Singh (Combined)-I,149,3,13,261,,
324,324 - Government Boys High School 521 GB Toba Tek Singh (Combined)-II,308,4,33,354,,
325,325 - Government Girls High School 521 GB Toba Tek Singh (Combined)-I,393,8,99,362,,
326,326 - Government Boys Elementary School 149 GB Toba Tek Singh (Male)-I,262,0,75,241,,
327,327 - Government Girls Elementary School 149 GB Toba Tek Singh (Female)-I,179,2,40,187,,
328,328 - Government Boys Primary School 150 GB Toba Tek Singh (Male)-I,428,3,131,219,,
329,329 - Government Girls Elementary School 150 GB Toba Tek Singh (Female)-I,369,7,63,190,,
330,330 - Government Girls High School 151 GB TTSingh (Male)-I,265,0,50,387,,
331,331 - Government Girls Junior Primary School 151 GB Toba Tek Singh (Female)-I,320,0,44,298,,
332,332 - Government Boys Primary School 152 GB Toba Tek Singh (Combined)-I,283,2,6,272,,
333,333 - Government Boys Primary School 152 GB Toba Tek Singh (Combined)-II,229,3,10,249,,
334,334 - Government Boys Primary School 153 GB Toba Tek Singh (Combined)-I,317,4,72,289,,
335,335 - Government Girls Elementary School 153 GB Toba Tek Singh (Combined)-I,249,2,83,357,,
336,336 - Government Boys High School 293 GB Toba Tek Singh (Combined)-I,525,9,9,444,,
337,337 - Government Boys High School 293 GB Toba Tek Singh (Male)-I,431,2,6,353,,
338,338 - Government Girls High School 293 GB Toba Tek Singh (Female)-I,379,5,3,326,,
339,339 - Government Girls Community Elementary School 358 GB (Mughali) Toba Tek Singh (Combined)-I,448,2,14,445,,
340,340 - Government Boys Elementary School 358 GB (Ganjoo) Toba Tek Singh (Combined)-I,260,3,11,388,,
341,341 - Government Boys Elementary School 358 GB (Ganjoo) Toba Tek Singh (Combined)-II,190,1,0,307,,
342,342 - Government Boys Elementary School 359 GB Toba Tek Singh (Male)-I,364,5,88,356,,
343,343 - Government Girls Elementary School 359 GB Toba Tek Singh (Female)-I,255,4,40,295,,
344,344 - Government Boys Elementary School 255 GB Toba Tek Singh (Male)-I,336,2,9,255,,
345,345 - Government Boys Elementary School 255 GB Toba Tek Singh (Female)-I,323,3,5,242,,
346,346 - Government Girls Elementary School 255 GB Toba Tek Singh (Combined)-I,546,0,11,527,,
347,347 - Government Girls High School 256 GB Toba Tek Singh (Combined)-I,317,0,63,358,,
348,348 - Government Boys High School 256 GB Toba Tek Singh (Combined)-I,363,1,37,296,,
349,349 - Government Boys High School 256 GB Toba Tek Singh (Combined)-II,115,0,23,267,,
350,350 - Government Girls High School 256 GB Toba Tek Singh (Combined)-II,295,2,23,190,,
351,351 - Government Girls High School 256 GB Toba Tek Singh (Combined)-III,301,3,26,246,,
352,352 - Government Boys Elementary School 257 GB Toba Tek Singh (Male)-I,250,0,6,334,,
353,353 - Government Boys Elementary School 257 GB Toba Tek Singh (Combined)-I,417,3,15,483,,
354,354 - Government Girls High School 257 GB Toba Tek Singh (Female)-I,253,1,3,274,,
355,355 - Government Boys High School 258 GB Toba Tek Singh (Combined)-I,319,0,21,166,,
356,356 - Government Boys High School 258 GB Toba Tek Singh (Combined)-II,246,0,8,96,,
357,357 - Government Girls High School 258 GB Toba Tek Singh (Combined)-I,519,4,57,394,,
358,358 - Government Boys Primary School 250 GB Toba Tek Singh (Combined)-I,421,0,15,274,,
359,359 - Government Girls High School 250 GB Toba Tek Singh (Combined)-I,412,0,17,211,,
360,360 - Government Boys Primary School 253 GB Toba Tek Singh (Combined)-I,306,0,4,428,,
361,361 - Government Girls Elementary School 253 GB Toba Tek Singh (Combined)-I,354,1,4,291,,
362,362 - Government Boys High School 254 GB Toba Tek Singh (Combined)-I,612,0,16,403,,
363,363 - Government Girls High School 254 GB Toba Tek Singh (Combined)-I,802,0,6,361,,
364,364 - Government Girls High School 247 GB Toba Tek Singh (Male)-I,254,0,19,218,,
365,365 - Government Girls High School 247 GB Toba Tek Singh (Female)-I,250,0,9,189,,
366,366 - Government Boys Elementary School 247 GB Toba Tek Singh (Combined)-I,324,2,1,336,,
367,367 - Government Boys Elementary School 247 GB Toba Tek Singh (Combined)-II,276,0,4,129,,
368,368 - Government Boys Primary School 249 GB Toba Tek Singh (Combined)-I,402,0,4,476,,
369,369 - Government Girls Elementary School 249 GB Toba Tek Singh (Combined)-I,390,0,3,188,,
370,370 - Government Boys Primary School 251 GB Toba Tek Singh (Combined)-I,312,0,2,389,,
371,371 - Government Girls High School 251 GB Toba Tek Singh (Combined)-I,415,0,6,486,,
372,372 - Government Boys Elementary School 182 GB Toba Tek Singh (Combined)-I,561,0,20,455,,
373,373 - Government Girls High School 182 GB Toba Tek Singh (Combined)-I,316,1,12,224,,
374,374 - Government Girls Primary School 183 GB Pakhowal TTSingh (Combined)-I,184,1,32,275,,
375,375 - Government Girls Primary School 183 GB Pakhowal TTSingh (Combined)-II,171,0,21,343,,
376,376 - Government Boys Primary School 183 GB Mian Kot Toba Tek Singh (Combined)-I,235,1,28,288,,
377,377 - Government Girls High School 183 GB Mian Kot TTSingh (Combined)-I,356,1,19,362,,
378,378 - Government Girls Higher Secondary School 252 GB Toba Tek Singh (Combined)-I,370,0,5,313,,
379,379 - Government Girls Higher Secondary School 252 GB Toba Tek Singh (Combined)-II,403,0,23,429,,
380,380 - Government Primary School 290 JB Toba Tek Singh (Combined)-I,619,3,5,435,,
381,381 - Government Girls Primary School 291 JB Toba Tek Singh (Male)-I,223,2,56,275,,
382,382 - Government Girls Primary School 291 JB Toba Tek Singh (Female)-I,205,7,43,204,,
383,383 - Government Boys High School 295 JB Toba Tek Singh (Male)-I,324,2,18,358,,
384,384 - Government Girls Primary School 295 JB Toba Tek Singh (Female)-I,0,0,0,0,,
385,385 - Government Boys Primary School 292 JB Toba Tek Singh (Male)-I,237,0,4,362,,
386,386 - Government Boys Primary School 292 JB Toba Tek Singh (Female)-I,200,1,0,311,,
387,387 - Government Boys Primary School 293 JB TTSingh (Combined)-I,482,0,244,109,,
388,388 - Government Boys Primary School 294 JB Toba Tek Singh (Combined)-I,372,1,5,399,,
389,389 - Government Girls Elementary School 294 JB Toba Tek Singh (Combined)-I,443,3,8,512,,
390,390 - Government Girls High School 348 GB Toba Tek Singh (Combined)-I,301,5,12,617,,
391,391 - Government Girls High School 348 GB Toba Tek Singh (Combined)-II,265,3,49,373,,
392,392 - Government Boys Elementary School 349 GB Toba Tek Singh (Combined)-I,481,21,4,458,,
393,393 - Government Girls Elementary School 349 GB Toba Tek Singh (Combined)-I,464,6,11,239,,
394,394 - Government Boys High School 350 GB Toba Tek Singh (Combined)-I,295,3,6,329,,
395,395 - Government Girls Elementary School 350 GB Toba Tek Singh (Combined)-I,515,9,1,381,,
396,396 - Government Boys Elementary School Primary Portion 294 GB Toba Tek Singh (Male)-I,526,2,78,367,,
397,397 - Government Girls High School 294 GB Toba Tek Singh (Female)-I,505,7,59,382,,
398,398 - Government Boys Elementary School Primary Portion 294 GB Toba Tek Singh (Combined)-I,526,2,78,367,,
399,399 - Government Model Girls Primary School 292 GB Toba Tek Singh (Combined)-I,393,8,21,531,,
400,400 - Government Boys Primary School 295 GB Toba Tek Singh (Combined)-I,473,13,13,451,,
401,401 - Government Girls High School 295 GB Toba Tek Singh (Male)-I,472,3,29,348,,
402,402 - Government Girls High School 295 GB Toba Tek Singh (Female)-I,368,9,11,278,,
403,403 - Government Girls High School 295 GB Toba Tek Singh (Combined)-I,187,3,0,125,,
404,404 - Government Boys Primary School 351 GB Toba Tek Singh (Combined)-I,487,0,0,449,,
405,405 - Government Girls High School 351 GB Toba Tek Singh (Male)-I,564,3,14,355,,
406,406 - Government Girls High School 351 GB Toba Tek Singh (Female)-I,500,1,10,321,,
407,407 - Government Boys Primary School 339 GB Kalan Toba Tek Singh (Combined)-I,580,2,44,400,,
408,408 - Government Girls Elementary School 339 GB Kalan Toba Tek Singh (Combined)-I,289,1,67,254,,
409,409 - Government Boys Primary School 339 GB Khurd Toba Tek Singh (Combined)-I,594,1,30,500,,
410,410 - Government Boys Primary School 339 GB Khurd Toba Tek Singh (Combined)-II,42,1,15,69,,
411,411 - Government Girls High School 340 GB Toba Tek Singh (Combined)-I,138,4,17,323,,
412,412 - Government Girls High School 340 GB Toba Tek Singh (Combined)-II,194,7,44,461,,
413,413 - Government Boys High School 517 GB Toba Tek Singh (Male)-I,211,1,8,303,,
414,414 - Government Boys High School 517 GB Toba Tek Singh (Female)-I,251,2,5,289,,
415,415 - Government Girls Elementary School 517 GB Toba Tek Singh (Combined)-I,324,2,3,405,,
416,416 - Government Boys High School 336 GB Toba Tek Singh (Combined)-I,407,1,16,303,,
417,417 - Government Boys High School 336 GB Toba Tek Singh (Combined)-II,264,2,8,229,,
418,418 - Government Boys Primary School 336 GB New Saraba Toba Tek Singh (Female)-I,241,3,21,228,,
419,419 - Government Boys Primary School 336 GB New Saraba Toba Tek Singh (Male)-I,233,3,20,267,,
420,420 - Government Boys Primary School 337 GB Toba Tek Singh (Combined)-I,337,0,3,286,,
421,421 - Government Boys Primary School 337 GB Toba Tek Singh (Combined)-II,539,1,5,352,,
422,422 - Government Boys Primary School 338 GB Toba Tek Singh (Combined)-I,428,3,50,453,,
423,423 - Government Girls Community Model Elementary School 338 GB Toba Tek Singh (Combined)-I,244,0,24,264,,
424,424 - Government Boys Primary School 307 GB Toba Tek Singh (Combined)-I,215,5,43,233,,
425,425 - Government Boys Primary School 307 GB Toba Tek Singh (Combined)-II,333,4,31,240,,
426,426 - Government Boys Elementary School 341 GB Toba Tek Singh (Female)-I,180,2,4,403,,
427,427 - Government Boys Elementary School 341 GB Toba Tek Singh (Male)-I,220,0,12,475,,
428,428 - Government Girls High School 342 GB Toba Tek Singh (Male)-I,168,0,9,344,,
429,429 - Government Girls High School 342 GB Toba Tek Singh (Female)-I,172,2,6,278,,
430,430 - Government Girls High School 342 GB Toba Tek Singh (Combined)-I,54,3,3,210,,
431,431 - Government Boys Model High School 343 GB Toba Tek Singh (Male)-I,341,1,47,523,,
432,432 - Government Girls Higher Secondary School 343 GB Toba Tek Singh (Female)-I,318,0,28,399,,
