No,Name,IND-PTI,PML-N,PPP,Total Votes,Filename
1,1 - Govt Boys High School Neel Kot,440,72,63,,
2,2 - Govt Boys  Primary School Neel Kot,318,46,50,,
3,3 - Jhok Wains,90,177,232,,
4,4 - Govt High School Qasim Bela,507,327,270,,
5,5 - Khair pur Bhutta,183,154,183,,
6,6 - Govt Primary School Khair pur Bhutta,349,336,291,,
7,7 - Govt Boys Elementary School Chak Mahni,181,560,478,,
8,8 - Govt Elementary School Mustafa wala Markaz Nawab pur,193,471,331,,
9,9 - Qasim Bela,441,298,378,,
10,10 - Khor SajriWain,279,202,287,,
11,11 - Khor SajriWain,234,90,290,,
12,12 - Thathi Lal,409,246,786,,
13,13 - Govt Elementary School Muzafarabad Female 2,326,60,286,,
14,14 - Govt Elementary School Ahmadpur Bhutta,366,113,233,,
15,15 - Govt Elementary School Ahmad pur Bhutta,241,91,144,,
16,16 - Lali,259,321,480,,
17,17 - Govt Girls High School Rawani Female 2,175,270,379,,
18,18 - Ahmad pur Bhutta,376,100,114,,
19,19 - Govt Girls Primary School Alure,119,282,142,,
20,20 - Govt FG Boys High School No 2,482,219,62,,
21,21 - Govt High School Qasim Bela,303,142,99,,
22,22 - Govt Girls High School Daulatabad combined,401,55,35,,
23,23 - Hamid pur Morakha,123,301,318,,
24,24 - Govt Girls School Industrial Estate 3,255,140,199,,
25,25 - Govt Girls School Industrial Estate 3,428,181,233,,
26,26 - Govt Girls High School Industrial Estate,322,115,228,,
27,27 - Koti Bakhsu Khan,121,324,619,,
28,28 - Sahi Chawan,298,321,601,,
29,29 - Govt Girls Primary School Neel Kot,327,44,57,,
30,30 - Govt Girls Neel Kot Mardana,356,85,100,,
31,31 - Govt Girls Kotla Matarwan,520,173,342,,
32,32 - Govt Model S Muhammad pur Ghota,118,189,260,,
33,33 - Govt Girls Elementary School Thathi Khawaran,103,315,283,,
34,34 - BHU Qasim Bela,214,382,421,,
35,35 - Arjwain Shareef Muhammad pur Ghota,96,212,223,,
36,36 - Govt HSS Mardan pur,224,469,422,,
37,37 - Govt GMS Sheean Wala,134,205,285,,
38,38 - Govt HS 12 KM,237,168,179,,
39,39 - Ahmadpur Bhutta,219,186,192,,
40,40 - Govt Boys Hamad pur,74,214,338,,
41,41 - Govt HS Airport Road No 2,329,396,329,,
42,42 - Brightway S Jameelabad,173,161,91,,
43,43 - Govt G,435,101,51,,
44,44 - Govt GES Durana Langana Hajipur,965,292,109,,
45,45 - Govt PS Khairpur Bhutta,190,188,216,,
46,46 - Govt GHS Muzafarabad,270,231,149,,
47,47 - GHS Qasim Bela Female 2,397,243,202,,
48,48 - Govt MPS Bahadur pur,767,104,180,,
49,49 - Govt F BHS Multan No 1,316,156,55,,
50,50 - Controller Military Accounts,308,117,25,,
51,51 - Govt GES Jalalabad,73,138,185,,
52,52 - Daftar Union Council Bosan,360,261,303,,
53,53 -,217,158,208,,
54,54 - Basti Shorkot Durana Langana,189,132,69,,
55,55 - PASCO godam Industrial Estate,344,75,150,,
56,56 - Govt GPS Jungle Bhera No 2,462,267,232,,
57,57 - Govt GHS Jalalabad,53,27,193,,
58,58 - FG HS Boys Multan Cantt,176,29,23,,
59,59 - Govt GSS Basti Khairu Chah Karari wala,344,198,254,,
60,60 - Govt PS Muzafarabad Chah Pakka,439,107,521,,
61,61 - Govt Model S Bhari,129,280,466,,
62,62 - Govt M AlHussain S,323,315,242,,
63,63 - Govt M AlHussain PS Jungle Bhera,151,120,88,,
64,64 - Govt M AlHussain Haji Baloch Jungle Bhera,224,136,119,,
65,65 - Govt GES Seer Kharak,331,24,28,,
66,66 - Govt GES Seer Kharak,417,68,72,,
67,67 - Govt GPS Bhagsar,136,140,197,,
68,68 - Govt BPS Shorkot Durana Langana,483,301,200,,
69,69 - Govt Boys HS Seer Kharak,432,91,182,,
70,70 - Govt Boys HS Seer Kharak,241,51,113,,
71,71 - Govt PS Allahyar pur Jarr,321,404,397,,
72,72 - Govt BHS Siddiqabad,290,152,252,,
73,73 - Govt BHS Siddiqabad,451,220,320,,
74,74 - Govt PS Khadal Khurd,199,555,547,,
75,75 - BHU Binda Sandeela,222,201,302,,
76,76 - Govt PS boys Binda Sandeela,227,215,393,,
77,77 - Govt GHS Binda Sandeela,74,77,201,,
78,78 - Govt MS Binda Sandeela,203,196,474,,
79,79 - Govt MS Binda Sandeela,192,100,406,,
80,80 - Govt GMS Tibbi,254,246,344,,
81,81 - Basti Langrial,343,233,341,,
82,82 - Govt GPS Basti Wagarr,225,467,324,,
83,83 - Govt B Binda Sandeela,192,152,333,,
84,84 - Govt BMS Inayat pur,230,113,127,,
85,85 - Govt GPS Pakkay wala No 2,301,92,213,,
86,86 - Kotla Abul Fateh,797,159,209,,
87,87 - GES Qadir pur Raan,294,267,365,,
88,88 - Govt GMS Mohala Pipli,468,182,428,,
89,89 - Govt MES Basti Salah Mahay,279,237,331,,
90,90 - GMPS Saleh Mahay,230,340,239,,
91,91 - Govt ES Basti Langrial 3,519,318,498,,
92,92 - Govt GES Jalalabad,316,272,758,,
93,93 - Govt PS Muhammad Khan wala,238,183,325,,
94,94 - Govt PS Muhammad Khan wala,111,149,195,,
95,95 - GHS Matti Tal,185,136,320,,
96,96 - GHS Matti Tal,302,175,364,,
97,97 - Govt GHS Jal Wala,280,354,436,,
98,98 - Govt GHS Jal Wala,201,229,343,,
99,99 - GHS B Matti Tal,168,222,323,,
100,100 - GES Lohar wala,217,433,350,,
101,101 - Jungle Karlan Wala,106,182,224,,
102,102 - Govt E Lohar wala,104,234,236,,
103,103 - Govt ES Bakhsheesh Garh,152,536,415,,
104,104 - GES Tibbi wala,753,152,165,,
105,105 - Govt Model Jhok Wains,345,243,139,,
106,106 - Govt ES Tibbi wala,669,99,88,,
107,107 - The Stem School,263,140,117,,
108,108 - Govt MPS Jakhar pur,171,161,120,,
109,109 - GES Jahangir abad,171,103,103,,
110,110 - Govt MPS Jakhar pur,375,275,148,,
111,111 - Govt HS Basti Nau,310,267,222,,
112,112 - Govt HS Basti Nau,382,382,358,,
113,113 - BHS Basti Nau,304,204,323,,
114,114 - GHSBNM,201,131,250,,
115,115 - Govt PBS Jhok Aarbi,83,386,325,,
116,116 - Qadir pur Raan,447,388,276,,
117,117 - GHSS Qadir pur Raan,415,406,265,,
118,118 - GG Degree College Qadir pur Raan,306,209,117,,
119,119 - GHSS Qadir pur Raan,282,184,180,,
120,120 - GGDC QP Raan,190,128,108,,
121,121 - GHSS Qadir pur Raan,336,264,172,,
122,122 - GGDC Qadrir pur Raan,241,135,103,,
123,123 - Govt HSS Qadir pur Raan,262,255,83,,
124,124 - Govt GDC QP Raan,162,203,55,,
125,125 - GPS Wasli wala,243,197,237,,
126,126 - Jind wala Qadir pur Raan,262,180,134,,
127,127 - Govt PS Darkhan wala,245,357,305,,
128,128 - Govt ES Gamun wala,226,275,528,,
129,129 - Govt GPS Basti Bahawalpur,147,319,79,,
130,130 - GHS Panj Khua,173,124,779,,
131,131 - Bagh Wala,122,24,17,,
132,132 - 135 Govt F.B High School No 1 Multan Cantt,494,449,104,,
133,"133 - 127,128 Govt F.B Boys School",187,25,10,,
134,134 - 51 Govt Girls High School Lutfabad,410,172,397,,
135,135 - 52 Govt Boys High School Lutfabad,325,257,357,,
136,136 - 53 Govt High School Lutfabad,223,183,336,,
137,137 - 54 Govt Boys High School Lutfabad,234,172,229,,
138,138 - 55 Govt Boys High School Lutfabad,194,255,242,,
139,139 - 10 NFC Opposite Pak Arab Fertilizer,179,95,77,,
140,140 - N.F.C. Institute of Engirneering and Technological Training opposite Khad Factory,237,135,71,,
141,141 - N.F.C. Institute of Engirneering and Technological Training opposite Khad Factory,278,126,89,,
142,142 - 15 NFC I.E.T Multan Male 2,359,198,117,,
143,143 - P.S 12 Govt Girls High School Khaliq Pura,194,93,139,,
144,144 - P.S 18 Govt Girls High School Khaliq Pura,462,242,136,,
145,145 - P.S 14 Govt Girls High School Khaliq Pura,253,106,150,,
146,146 - P.S 13 Govt Girls High School Khaliq Pura,308,177,177,,
147,147 - P.S 11 Govt Girls High School Khaliq Pura,311,167,167,,
148,148 - P.S 129 Govt Girls School Rasool Pur,122,338,386,,
149,149 - P.S 120 Govt High School,274,198,360,,
150,"150 - Government Boys Primary School, Chak Gagra",121,226,335,,
151,151 - P.S 26 Govt Boys Primary School Nawabpur,250,123,412,,
152,152 - P.S 24 Govt Boys High Scool Nawab Pur,298,148,301,,
153,153 - P.S 21 Govt Boys High Scool Nawab Pur,247,201,472,,
154,154 - P.S 19 Veternary Hospital Nawab Pur,151,158,516,,
155,155 - P.S 22 Govt Boys High Scool Nawab Pur,195,214,329,,
156,156 - P.S 25 Govt Boys High Scool Nawab Pur,264,224,408,,
157,157 - P.S 23 Govt Girls Model High Scool Nawab Pur,415,240,560,,
158,158 - P.S 131 Govt Degree College Qadir Pur Rawan,284,222,145,,
159,159 - P.S 203 Govt Al-Hussain Islamia Secondary School Muzafarabad,368,293,226,,
160,160 - Daruhay pur,154,507,387,,
161,161 - Govt high school Nandla PS 112,240,384,421,,
162,162 - Govt GES school Nandla PS 250,143,387,545,,
163,163 -,211,136,137,,
164,164 - Govt Alhussain Islamia School PS 62,304,163,147,,
165,165 - PS 61,168,140,99,,
166,166 - PS 60,251,217,126,,
167,167 - PS 60,202,130,176,,
168,168 - Baho Wala PS 112,601,321,163,,
169,169 - Dehly Wala PS 125,248,222,623,,
170,170 - Govt ES PS 113,463,240,320,,
171,171 - Sadqabad Shak Mdina PS114,175,163,166,,
172,172 - Govt Girls ES PS 116,91,168,149,,
173,173 - Ahmad Pur Bjhuta PS150,543,184,183,,
174,174 - Govt ES Muzafarabd PS 52,122,41,102,,
175,175 - GES Muzafrabd PS 192,433,73,340,,
176,176 - GES Muzafrabd PS 190,164,41,133,,
177,177 - GG PS ThatiLal PS208,142,358,283,,
178,178 - GG HS Bosan Otar PS69,198,125,551,,
179,179 - GG HS Bosan Otar PS70,97,102,399,,
180,180 - G B S Basti Noo PS 60,171,256,402,,
181,181 - GG Jassay Wala PS 61,115,443,429,,
182,182 - GPS Sardar pur PS 124,274,334,302,,
183,183 - Muzafrabd PS 37,405,218,169,,
184,184 - GES Ahmad PUR BHUtaa PS 33,219,186,192,,
185,185 - GG HS M Abad PS 186,270,231,149,,
186,186 - GG HS Muzfrabd PS189,186,111,122,,
187,187 - pasko Gudam PS 25,489,101,195,,
188,188 - GSBS PS 269,545,296,82,,
189,189 - GES Jhandirabad PS 17,171,103,103,,
190,190 - PS 50,136,446,351,,
191,191 - GH ES AlamPur Ps 74,220,391,454,,
192,192 - GHSS Alampur PS 82,212,306,539,,
193,193 - GGES ChaBanan Wala PS,362,208,128,,
194,194 - GHS ShakMadina PS115,250,220,233,,
195,195 - GGHS MahiSandila ps 212,195,97,105,,
196,196 - FGPS PS127,176,29,23,,
197,197 - Mahi Kandan S PS 70,265,91,141,,
198,198 - GBS Cantt PS 132,230,133,42,,
199,199 - Unioun Counsi Office Lutfabad PS56,377,526,374,,
200,200 - Govt Girls ES Chah Banan Wala PS 13,456,315,164,,
201,201 - GHS Qasim Baila PS 179,397,243,202,,
202,202 - GHS Mahi Candian PS 211,307,162,152,,
203,203 - GGHS Mahi Canian PS 71,165,61,69,,
204,204 - GHS Sadiqabad PS 38,379,143,361,,
205,205 - GGS Community MS PS 245,206,123,163,,
206,206 - GGs Community MS PS 107,176,82,132,,
207,207 - GB PS Kotla Sadat PS 57,364,206,203,,
208,208 - GBHS Jhok Wains PS 78,122,279,375,,
209,209 - GMPS Bhadurpur PS 32,692,142,258,,
210,210 - GES Ghagra PS 128,154,139,258,,
211,211 - GPS DHOLO Wala PS 103,143,418,85,,
212,212 - GHS Maedam PUR PS 80,168,307,475,,
213,213 - GGPS Chah Mehr Wala PS 226,288,40,43,,
214,214 - GHS PS 225,332,71,51,,
215,215 - GGPS Gulshan Mehr PS 89,388,76,27,,
216,216 - GGPS Garhay Wala PS 107,242,132,251,,
217,217 - Sahi Chawan Ps 101,108,93,298,,
218,218 - GPS Basti Rata PS 109,300,159,203,,
219,219 - GMPS Buch Khusrabad PS 42,434,43,206,,
220,220 - GGES Durana Nigana PS 04,254,339,118,,
221,221 - GES Haji Pur PS 06,428,163,135,,
222,222 - ICMA PS 92,654,256,143,,
223,223 - ICMA PS 93,455,147,77,,
224,224 - SadarPur PS 106,262,167,423,,
225,225 - Tahir Pur Ps 105,307,310,349,,
226,226 - Government Boys High School Bosan Hittar,88,473,63,,
227,227 - 7 - Government Girls Elementary School Basti Khairu (Chah Karari Wala) (Female)-I,227,137,245,,
228,228 - Government Boys High School Nawab Pur,95,91,375,,
229,"229 - 48 - Government Girls High School, Muzaffarabad (Male)-II",237,168,179,,
230,"230 - 32 - Government Primary School, Khair Pur Bhutta (Female)-II",183,154,183,,
231,"231 - Government Boys Higher Secondary School, Ailam Pur (High Secondary Portion)",125,299,307,,
232,"232 - Government Girls Primary School, Pakkay Wala No. 2",408,178,238,,
233,"233 - 35 - Government Girls Elementary School, Qasim Bela (Female)-I",312,221,316,,
234,234 - GMPS PS 96,177,296,404,,
235,235 - GBPS Tiba Masood Pur PS 10,455,162,71,,
236,236 - GGES Basti KHr Pur Bhuta PS 15,224,249,280,,
237,237 - GGES Khr Pur PS 155,174,255,145,,
238,238 - GGPS Basti Bhir PS 02,195,248,107,,
239,239 - Girls Raan Lab Dariya PS 73,79,123,218,,
240,240 - GPS Saleh Pur Baksh PS 123,247,88,266,,
241,241 - Govt M Raan Lab Dariya PS 72,165,459,292,,
242,242 - Govt B Raan Lab Dariya PS 71,210,449,465,,
243,243 - GB PS Kotla Sadaat PS 59,302,225,284,,
244,244 - GGES Sadiqabad PS 39,245,74,275,,
245,245 - GES Sadqabad PS 40,119,49,204,,
246,246 - GMPS Saleh Mahey PS 34,230,340,239,,
247,247 - Zakariya PS PS 218,735,174,127,,
248,248 - GBES Mehmodkot PS 82,698,205,167,,
249,249 - GPS PS 98,234,462,621,,
250,250 - GPS Jhok Chajrra,99,297,370,,
251,251 - Govt BPS Buch Mubarak,215,265,258,,
252,252 - Govt PS Buch Mubarak,275,295,326,,
253,253 - GGPSS Suraj Miani,318,186,235,,
254,254 - GHSS Suraj Miani,410,232,274,,
255,255 - Govt DC QPR,185,208,261,,
256,256 - Govt HS Bakhsh wala,264,240,445,,
257,257 - Govt Nusrat Islam BHS Cantt,304,181,50,,
258,"258 - Noor Jahan, Muzafarabad",167,128,132,,
259,259 - FGBHS 1 Cantt,538,551,140,,
260,260 - GBPS Nusrat Islam Cantt,154,350,26,,
261,261 - Govt Noor Jahan HS Male,245,200,140,,
262,262 - Ismail abad,245,131,123,,
263,263 - Govt Noor Jahan HS Female,397,192,183,,
264,264 - Govt BPS Buch Mubarak (Bathay Wala) Female I,206,161,234,,
265,"265 - Amir Public School, 5 Marla Scheme",159,55,318,,
266,266 - BHU Binda Sandeela,164,242,245,,
267,267 - Boys PS Amrott,55,373,638,,
268,268 - Govt PS Sarwani Bela,81,254,182,,
269,269 - Alpa,69,393,476,,
270,270 - Bibi pur,88,31,236,,
271,271 - BHU Kheraabad Qadeem,372,338,417,,
272,272 - Kheraabad Qadeem,262,227,294,,
273,273 - Zakariya Public School,410,100,111,,
