No,Name,IND-PTI,IPP,Total Votes,Filename
1,"Govt Girls High School, Custom Colony Lahore CANTT (Male)-I",250,159,,
2,"Govt Girls High School, Custom Colony Lahore CANTT (Female)-I",189,107,,
3,Ali Garh College of Nursing Main Chowk Ali Colony Cavlary Ground Lahore Cantt: (Male),418,233,,
4,Ali Garh College of Nursing Main Chowk Ali Colony Cavlary Ground Lahore Cantt: (Female),269,116,,
5,"Govt. Primary School Luck Line, Cavalry Ground Lahore Cantt: (Combined)-I",357,123,,
6,Govt Elementary School Boys Custom Academy Lahore Cantt: (Combined)-I,370,158,,
7,"Govt. Primary School Luck Line, Cavalry Ground Lahore Cantt: (Combined)-II",361,93,,
8,The Educators St. No.7 Officer Colony Walton Road Lahore Cantt Boys: (Male)-I,370,134,,
9,The Educators St. No.7 Officer Colony Walton Road Lahore Cantt Boys: (Female)-I,339,92,,
10,The Educators St. No.7 Officer Colony Walton Road Lahore Cantt Boys: (Male)-II,301,77,,
11,The Educators St. No.7 Officer Colony Walton Road Lahore Cantt Boys: (Female)-II,286,45,,
12,The Educators St. No.7 Officer Colony Walton Road Lahore Cantt Boys: (Male)-III,269,116,,
13,The Educators St. No.7 Officer Colony Walton Road Lahore Cantt Boys: (Female)-III,303,108,,
14,Allied School Islam nagar Walton Road Walton Cantt. (Combined)-I,256,72,,
15,Allied School Islam nagar Walton Road Walton Cantt. (Combined)-II,320,128,,
16,Allied School Islam nagar Walton Road Walton Cantt. (Male)-I,326,115,,
17,Allied School Islam nagar Walton Road Walton Cantt. (Female)-I,285,88,,
18,Decent Public High School H.27/31 as Abu Bakar St. Ghousia St. Islam Nagar Walton Lahore Cantt: (Male)-I,364,210,,
19,Decent Public High School H.27/31 as Abu Bakar St. Ghousia St. Islam Nagar Walton Lahore Cantt: (Female)-I,273,173,,
20,"Iqra Roza Tul Itfal St.No.5-A, Madina Colony Rehmat Chowk Walton Road, Walton Cantt. (Male)-I",268,144,,
21,"Iqra Roza Tul Itfal St.No.5-A, Madina Colony Rehmat Chowk Walton Road, Walton Cantt. (Female)-I",0,0,,
22,Allied School Girls Walton Campus 26 26 Walton Road Walton Cantt Lahore (Combined)-I,292,144,,
23,"Concordia College Academy Road, Walton Cantt (Combined)-I",271,204,,
24,Allied School Girls Walton Campus 26 26 Walton Road Walton Cantt Lahore (Combined)-II,338,219,,
25,"Concordia College Academy Road, Walton Cantt (Combined)-II",500,231,,
26,"Concordia College Academy Road, Walton Cantt (Combined)-III",337,207,,
27,"Concordia College Academy Road, Walton Cantt (Combined)-IV",0,0,,
28,"Govt: High School for Boys Walton Road, Lahore Cantt Male: (Combined)-I",556,184,,
29,"Govt: High School for Boys Walton Road, Lahore Cantt Male: (Combined)-II",303,135,,
30,"Govt: High School for Boys Walton Road, Lahore Cantt Male: (Male)-I",279,158,,
31,"Govt: High School for Boys Walton Road, Lahore Cantt Male: (Female)-I",237,94,,
32,"Govt. Girls High School, Bab-e-Pakistan, Walton Road, Lahore Cantt (Combined)-I",380,251,,
33,Govt. Khawaja Rafique Shaheed College Walton Road Lahore Cantt Male: (Male)-I,118,162,,
34,Govt. Khawaja Rafique Shaheed College Walton Road Lahore Cantt Male: (Female)-I,87,98,,
35,Govt. Girls Elementary School Packages Quarters Walton Road Lahore Cantt: (Combined)-I,275,184,,
36,Govt. Khawaja Rafique Shaheed College Walton Road Lahore Cantt Male: (Male)-II,284,147,,
37,Govt. Khawaja Rafique Shaheed College Walton Road Lahore Cantt Male: (Female)-II,164,96,,
38,Govt. Girls Elementary School Packages Quarters Walton Road Lahore Cantt: (Combined)-II,360,361,,
39,Govt. Khawaja Rafique Shaheed College Walton Road Lahore Cantt Male: (Combined)-I,345,190,,
40,Govt. Khawaja Rafique Shaheed College Walton Road Lahore Cantt Male: (Combined)-II,304,75,,
41,"Govt Elementary School (Boys), CUSTOM ACADAMY Lahore CANTT (Male)-I",304,70,,
42,"Govt Elementary School (Boys), CUSTOM ACADAMY Lahore CANTT (Female)-I",274,48,,
43,Toppers Law College 27-L Gulberg-III Lahore (Male)-I,468,76,,
44,Toppers Law College 27-L Gulberg-III Lahore (Female)-I,439,67,,
45,Toppers Law College 27-L Gulberg-III Lahore (Combined)-I,430,71,,
46,"HAJVERI HIGH SCHOOL FOR BOYS 150M GULBERG-III NEAR BHABRA MARKET FEROZEPUR ROAD, LAHORE Combined-I",360,361,,
47,"HAJVERI HIGH SCHOOL FOR BOYS 150M GULBERG-III NEAR BHABRA MARKET FEROZEPUR ROAD, LAHORE Male-I",561,125,,
48,"HAJVERI HIGH SCHOOL FOR BOYS 150M GULBERG-III NEAR BHABRA MARKET FEROZEPUR ROAD, LAHORE Female-I",248,81,,
49,"Superior University, Main Campus Tipu Block, Ferozpur Road Near Suzuki Motors, Lahore. (Combined)-I",0,0,,
50,"Ripha University, 28-M Block, Bhabra Lahore (Combined)-I",411,202,,
51,"Ripha University, 28-M Block, Bhabra Lahore (Male)-I",557,306,,
52,"Ripha University, 28-M Block, Bhabra Lahore (Female)-I",470,219,,
53,"Government Girls High School, Gopal Nagar Lahore (Male)-I",360,327,,
54,"Government Girls High School, Gopal Nagar Lahore (Female)-I",0,0,,
55,"Government Girls High School, Gopal Nagar Lahore (Male)-II",0,0,,
56,"Government Girls High School, Gopal Nagar Lahore (Female)-II",0,0,,
57,Government Primary School Gulab Devi Lahore (Combined)-I,328,130,,
58,"SOS HERMAN MINOR SCHOOL FEROZPUR ROAD, LAHORE (Male)-I",327,173,,
59,"SOS HERMAN MINOR SCHOOL FEROZPUR ROAD, LAHORE (Female)-I",185,125,,
60,CDGL HIGH SCHOOL WALTON AIRPOT GOPAL NAGAR LAHORE (Female)-I,225,93,,
61,CDGL HIGH SCHOOL WALTON AIRPOT GOPAL NAGAR LAHORE (Male)-I,330,105,,
62,CDGL HIGH SCHOOL WALTON AIRPOT GOPAL NAGAR LAHORE (Male)-II,334,134,,
63,CDGL HIGH SCHOOL WALTON AIRPOT GOPAL NAGAR LAHORE (Female)-II,237,82,,
64,"SOS HERMAN MINOR SCHOOL FEROZPUR ROAD, LAHORE (Combined)-I",195,158,,
65,Government Primary School Gulab Devi Lahore (Male)-I,483,164,,
66,Government Primary School Gulab Devi Lahore (Female)-I,339,112,,
67,The Spirit School System (Combined)-I,261,62,,
68,"GHOSHA ITFAAL GIRLS SCHOOL 73 ABU BAKAR BLOCK NEW GARDEN TOWN, LAHORE (MALE)-I",323,132,,
69,"GHOSHA ITFAAL GIRLS SCHOOL 73 ABU BAKAR BLOCK NEW GARDEN TOWN, LAHORE (FEMALE)-I",311,83,,
70,Government Boys High School (EXMCL) Jewan Hana Garden Town Lahore (Male)-I,546,247,,
71,Government Boys High School (EXMCL) Jewan Hana Garden Town Lahore (Female)-I,511,144,,
72,Government Boys High School (EXMCL) Jewan Hana Garden Town Lahore (Female)-II,307,62,,
73,Government Boys High School (EXMCL) Jewan Hana Garden Town Lahore (Male)-II,0,0,,
74,"Government MODEL GIRLS HIGH SCHOOL BARKAT MARKET GARDEN TOWN, LAHORE (Combined)-I",408,355,,
75,"Government MODEL GIRLS HIGH SCHOOL BARKAT MARKET GARDEN TOWN, LAHORE (Male)-I",500,397,,
76,"Government MODEL GIRLS HIGH SCHOOL BARKAT MARKET GARDEN TOWN, LAHORE (Female)-I",292,214,,
77,"Government MODEL GIRLS HIGH SCHOOL BARKAT MARKET GARDEN TOWN, LAHORE (Combined)-II",456,143,,
78,"Government SHUHADA-E-APS MEMORIAL MODEL HIGH SCHOOL MODEL TOWN, LAHORE (MALE)-I",381,104,,
79,"Government SHUHADA-E-APS MEMORIAL MODEL HIGH SCHOOL MODEL TOWN, LAHORE (FEMALE)-I",351,72,,
80,"Government SHUHADA-E-APS MEMORIAL MODEL HIGH SCHOOL MODEL TOWN, LAHORE (FEMALE)-II",367,69,,
81,"Government SHUHADA-E-APS MEMORIAL MODEL HIGH SCHOOL MODEL TOWN, LAHORE (MALE)-II",0,0,,
82,Government JUNIOR MODEL BOYS HIGH SCHOOL MODEL TOWN LAHORE NEAR PETROL PUMP (MALE)-I,0,0,,
83,Government JUNIOR MODEL BOYS HIGH SCHOOL MODEL TOWN LAHORE NEAR PETROL PUMP (FEMALE)-I,478,122,,
84,"Government Jr M/S opposite A-Block, Model Town, Lahore. (COMBINED)-I",0,0,,
85,D.P.S (NURSERY WINGS) SCHOOL MODEL TOWN LAHORE (Combined)-I,569,201,,
86,D.P.S (NURSERY WINGS) SCHOOL MODEL TOWN LAHORE (Male)-I,358,122,,
87,D.P.S (NURSERY WINGS) SCHOOL MODEL TOWN LAHORE (Female)-I,377,99,,
88,"Government SHUHADA-E-APS MEMORIAL GIRLS MODEL HIGH SCHOOL MODEL TOWN, LAHORE (MALE)-I",403,121,,
89,"Government SHUHADA-E-APS MEMORIAL GIRLS MODEL HIGH SCHOOL MODEL TOWN, LAHORE (FEMALE)-I",359,78,,
90,"Government SHUHADA-E-APS MEMORIAL BOYS MODEL HIGH SCHOOL MODEL TOWN, LAHORE (MALE)-I",356,125,,
91,"Government SHUHADA-E-APS MEMORIAL BOYS MODEL HIGH SCHOOL MODEL TOWN, LAHORE (FEMALE)-I",337,75,,
92,"Government SHUHADA-E-APS MEMORIAL BOYS MODEL HIGH SCHOOL MODEL TOWN, LAHORE (MALE)-II",0,0,,
93,"Government SHUHADA-E-APS MEMORIAL BOYS MODEL HIGH SCHOOL MODEL TOWN, LAHORE (FEMALE)-II",0,0,,
94,"Government APS MODEL HIGH SCHOOL GIRLS MODEL TOWN, LAHORE (COMBINED)-I",346,97,,
95,"Ideal Muslim Girls High School, E Block, Model Town (MALE)-I",515,178,,
96,"Ideal Muslim Girls High School, E Block, Model Town (FEMALE)-I",500,136,,
97,Government APWA GIRLS MIDDLE SCHOOL D-BLOCK MODEL TOWN LAHORE (Combined)-I,535,123,,
98,Government APWA GIRLS MIDDLE SCHOOL D-BLOCK MODEL TOWN LAHORE (MALE)-I,512,211,,
99,Government APWA GIRLS MIDDLE SCHOOL D-BLOCK MODEL TOWN LAHORE (FEMALE)-I,486,121,,
100,Government SPECIAL EDUCATION DEPARTMENT 31 SHER SHAH BLOCK NEW GARDEN TOWN LAHORE MALE-I,358,103,,
101,Government SPECIAL EDUCATION DEPARTMENT 31 SHER SHAH BLOCK NEW GARDEN TOWN LAHORE FEMALE-I,339,65,,
102,Government SPECIAL EDUCATION DEPARTMENT 31 SHER SHAH BLOCK NEW GARDEN TOWN LAHORE MALE-II,324,124,,
103,Government SPECIAL EDUCATION DEPARTMENT 31 SHER SHAH BLOCK NEW GARDEN TOWN LAHORE FEMALE-II,291,90,,
104,"HAYAT-E-ISLAM KHAWATEEN COLLEGE 4-SHER SHAH BLOCK NEW GARDEN TOWN, LAHORE (MALE)-I",356,134,,
105,"HAYAT-E-ISLAM KHAWATEEN COLLEGE 4-SHER SHAH BLOCK NEW GARDEN TOWN, LAHORE (FEMALE)-I",376,111,,
106,"HAYAT-E-ISLAM KHAWATEEN COLLEGE 4-SHER SHAH BLOCK NEW GARDEN TOWN, LAHORE (COMBINED)-I",377,107,,
107,"Government FD JUNIOR MODEL SCHOOL 45-A TIPU BLOCK, GARDEN TWON, LAHORE. (MALE)-I",450,184,,
108,"Government FD JUNIOR MODEL SCHOOL 45-A TIPU BLOCK, GARDEN TWON, LAHORE. (FEMALE)-I",461,99,,
109,"Government Girls High School 423 B- Block FAISAL TOWN, LAHORE. (MALE)-I",329,83,,
110,"Government Girls High School 423 B- Block FAISAL TOWN, LAHORE. (FEMALE)-I",386,67,,
111,"Government Girls High School 423 B- Block FAISAL TOWN, LAHORE. (MALE)-II",526,207,,
112,"Government Girls High School 423 B- Block FAISAL TOWN, LAHORE. (FEMALE)-II",466,155,,
113,Government COLLEGE M BLOCK EXT MODEL TOWN LAHORE (Male)-I,330,135,,
114,Government COLLEGE M BLOCK EXT MODEL TOWN LAHORE (Female)-I,287,80,,
115,Government COLLEGE M BLOCK EXT MODEL TOWN LAHORE (Male)-II,512,131,,
116,Government COLLEGE M BLOCK EXT MODEL TOWN LAHORE (Female)-II,524,83,,
117,"Government APWA School, D-Block, Model Town, Lahore  (Male)-I",262,80,,
118,"Government APWA School, D-Block, Model Town, Lahore  (Female)-I",211,53,,
119,"JOHAR FOUNDATION HS B-Block Faisal Town NEAR CUNDAN CNG, LAHORE. (MALE)-I",522,250,,
120,"JOHAR FOUNDATION HS B-Block Faisal Town NEAR CUNDAN CNG, LAHORE. (FEMALE)-I",329,155,,
121,"CATHEDRAL SCHOOL MAIN ROAD FAISAL TOWN, LAHORE. (COMBINED)-I",322,286,,
122,"CATHEDRAL SCHOOL MAIN ROAD FAISAL TOWN, LAHORE. (MALE)-I",430,139,,
123,"CATHEDRAL SCHOOL MAIN ROAD FAISAL TOWN, LAHORE. (FEMALE)-I",409,91,,
124,"Lahore Grammar School, 373-A, Block-C, Faisal Town Lahore (Male)-I",395,119,,
125,"Lahore Grammar School, 373-A, Block-C, Faisal Town Lahore (Female)-I",342,96,,
126,"Lahore Grammar School, 373-A, Block-C, Faisal Town Lahore (Combined)-I",432,156,,
127,"CATHEDRAL SCHOOL MAIN ROAD FAISAL TOWN, LAHORE (COMBINED)-I",360,100,,
128,"CATHEDRAL SCHOOL MAIN ROAD FAISAL TOWN, LAHORE (MALE)-I",523,166,,
129,"CATHEDRAL SCHOOL MAIN ROAD FAISAL TOWN, LAHORE (FEMALE)-I",538,110,,
130,Government COLLEGE M BLOCK EXT MODEL TOWN LAHORE (COMBINED)-I,593,151,,
131,Government COLLEGE M BLOCK EXT MODEL TOWN LAHORE (MALE)-II,479,145,,
132,Government COLLEGE M BLOCK EXT MODEL TOWN LAHORE (FEMALE)-II,454,98,,
133,"U.E.T. INSTITUTE OF PROFESSIONAL DEVELOPMENT 6-P BLOCK MODEL TOWN, LAHORE. (MALE)-I",321,200,,
134,"U.E.T. INSTITUTE OF PROFESSIONAL DEVELOPMENT 6-P BLOCK MODEL TOWN, LAHORE. (FEMALE)-I",233,107,,
135,"Government Girls Primary School, Muhammad Pura, Munshi Pura, Faisal Town, Lahore. (MALE)-I",512,203,,
136,"Government Girls Primary School, Muhammad Pura, Munshi Pura, Faisal Town, Lahore. (FEMALE)-I",481,114,,
137,The Smart School 17-B/A windsor park Ichra Lahore (Male)-I,0,0,,
138,The Smart School 17-B/A windsor park Ichra Lahore (Female)-I,237,103,,
139,The Smart School 17-B/A windsor park Ichra Lahore (Male)-II,0,0,,
140,The Smart School 17-B/A windsor park Ichra Lahore (Female)-II,344,110,,
141,EFA School Ichra Lahore (Female)-I,312,156,,
142,EFA School Ichra Lahore (Male)-I,393,212,,
143,Government N.D Islamia High School Ichhra lahore (Male)-I,388,256,,
144,Government N.D Islamia High School Ichhra lahore (Female)-I,342,162,,
145,"Government N.D Islamia High School Feorzpur Road, Icchra, Lahore (Combined)-I",206,118,,
146,"Government N.D Islamia High School Feorzpur Road, Icchra, Lahore (FEMALE)-II",193,115,,
147,"Government N.D Islamia High School Feorzpur Road, Icchra, Lahore (MALE)-II",361,202,,
148,Kanz Ul Iman Beacon School Peer Ghazi Road Ichra (Combined)-I,247,130,,
149,"Standard Model School Per Ghazi Road, Icchra, Lahore (FEMALE)-I",144,59,,
150,"Standard Model School Per Ghazi Road, Icchra, Lahore (MALE)-I",183,91,,
151,"Standard Model School Per Ghazi Road, Icchra, Lahore (FEMALE)-II",286,133,,
152,"Standard Model School Per Ghazi Road, Icchra, Lahore (MALE)-II",357,227,,
153,"Government Girls High School, Sultan Ahmad Road, Ichhra, Lahore (Male)-I",359,214,,
154,"Government Girls High School, Sultan Ahmad Road, Ichhra, Lahore (Female)-I",250,123,,
155,Native School Ahmad Munir Shaheed Road Ichra Lahore (Male)-I,320,131,,
156,Native School Ahmad Munir Shaheed Road Ichra Lahore (Female)-I,220,100,,
157,"Government Girls High School Sultan Ahmad Road, Icchra, Lahore (Commbined)-I",336,196,,
158,"Government Girls High School Sultan Ahmad Road, Icchra, Lahore (MALE)-II",399,242,,
159,"Government Girls High School Sultan Ahmad Road, Icchra, Lahore (FEMALE)-II",336,183,,
160,"Unique School, Siddiqi Building, Rehmanpura (MALE)-I",500,251,,
161,"Unique School, Siddiqi Building, Rehmanpura (FEMALE)-I",351,155,,
162,"Unique School, Siddiqi Building, Rehmanpura (MALE)-II",556,196,,
163,"Unique School, Siddiqi Building, Rehmanpura (FEMALE)-II",455,153,,
164,Ali Scholar School (Combined)-I,520,176,,
165,Ali Scholar School (MALE)-I,509,194,,
166,Ali Scholar School (FEMALE)-I,417,117,,
167,"Government Pilot Secondary School, for Girl Wadat Colony, Lahore (Male)-I",239,109,,
168,"Government Pilot Secondary School, for Girl Wadat Colony, Lahore (Female)-I",418,185,,
169,CDGL GIRLS MIDDLE SCHOOL SHAH KAMAL (MALE)-I,0,0,,
170,CDGL GIRLS MIDDLE SCHOOL SHAH KAMAL (FEMALE)-I,220,113,,
171,CDGL GIRLS MIDDLE SCHOOL SHAH KAMAL (MALE)-II,0,0,,
172,CDGL GIRLS MIDDLE SCHOOL SHAH KAMAL (FEMALE)-II,0,0,,
173,Big Ben City High School Ashiq Chowk (Combined)-I,416,147,,
174,"ALMUNAWAR PUBLIC HIGH SCHOOL, LALA ZAR CAMPUS, LALAZAR COLONY, AWAIS KERNI ROAD. (Combined)-I",290,116,,
175,"PUNJAB EXAMINATION COMMISSION EDUCATION DEPARTMENT NEAR PILOT HIGH SCHOOL WAHDAT ROAD, LAHORE (MALE)-I",382,102,,
176,"PUNJAB EXAMINATION COMMISSION EDUCATION DEPARTMENT NEAR PILOT HIGH SCHOOL WAHDAT ROAD, LAHORE (FEMALE)-I",304,75,,
177,Government Girls Elementary Ex M.C.L Model School Neelam Block Lahore (Male)-I,636,200,,
178,Government Girls Elementary Ex M.C.L Model School Neelam Block Lahore (Female)-I,532,114,,
179,Government Pilot Secondary School For Girls Wahdat Colony Lahore (MALE)-IV,433,204,,
180,Government Pilot Secondary School For Girls Wahdat Colony Lahore (FEMALE)-IV,0,0,,
181,Government Pilot Secondary School For Girls Wahdat Colony Lahore (MALE)-V,497,206,,
182,Government Pilot Secondary School For Girls Wahdat Colony Lahore (FEMALE)-V,0,0,,
183,"PUNJAB CURRICULAM AUTHORITY WAHDAT ROAD, LAHORE. (Combined)-I",609,163,,
184,"GOVT. SECONDARY INSTITUTE FOR BLIND GIRLS, 128-A KHYBER BLOCK ALLAMA IQBAL TOWN. (FEMALE)-I",0,0,,
185,"GOVT. SECONDARY INSTITUTE FOR BLIND GIRLS, 128-A KHYBER BLOCK ALLAMA IQBAL TOWN. (MALE)-I",622,72,,
186,Big Ben City High School Ashiq Chowk (Male)-I,254,133,,
187,Big Ben City High School Ashiq Chowk (Female)-I,207,112,,
188,"Government Pilot Secondary School, for Girl Wadat Colony, Lahore (Combined)-I",277,109,,
189,"Government Pilot Secondary School, for Girl Wadat Colony, Lahore (Combined)-II",418,185,,
190,"Office of Union Council No. 217 Clifton Colony, Shah Kamal (Combined)-I",436,115,,
191,"Government Pilot Secondary School, for Girl Wadat Colony, Lahore (Combined)-III",0,0,,
192,"Government POSTGRADUATE COLLEGE FOR WOMEN WAHDAT COLONY, LAHORE. (Male)-I",0,0,,
193,"Government POSTGRADUATE COLLEGE FOR WOMEN WAHDAT COLONY, LAHORE. (Female)-I",435,141,,
194,"Government GIRLS PILOT HIGH SCHOOL WAHDAT ROAD, LAHORE. (COMBINED)-I",402,90,,
195,"Government Pakistan Model High School Rehmanpura, Lahore (MALE)-I",647,246,,
196,"Government Pakistan Model High School Rehmanpura, Lahore (FEMALE)-I",509,142,,
197,"CDG Girls High School Siddique Akbar Road Link Sultan Road Icchar, Lahore. (FEMALE)-I",467,161,,
198,"CDG Girls High School Siddique Akbar Road Link Sultan Road Icchar, Lahore. (MALE)-I",565,200,,
199,"CDG Girls High School Siddique Akbar Road Link Sultan Road Icchar, Lahore. (COMBINED)-I",207,120,,
200,"Government Central Model Girls High School near CGE Colony, Wahdat Road (Combined)-I",547,126,,
201,"Government Central Model Girls High School near CGE Colony, Wahdat Road (Male)-II",418,107,,
202,"Government Central Model Girls High School near CGE Colony, Wahdat Road (Female)-II",408,76,,
203,"Government Central Model Girls High School near CGE Colony, Wahdat Road (Combined)-II",443,138,,
204,"Punjab Food Authority Block-C, Muslim Town, Lahore (Combined)-I",251,96,,
205,"Punjab Food Authority Block-C, Muslim Town, Lahore (Male)-I",371,117,,
206,"Punjab Food Authority Block-C, Muslim Town, Lahore (Female)-I",340,75,,
207,Unique College 109A New Muslim Town (MALE)-I,435,172,,
208,Unique College 109A New Muslim Town (FEMALE)-I,311,110,,
209,"Government College of Commerce, Hunza Block Allama Block Town, Lahore (Combined)-I",429,155,,
210,"Government SCIENCE COLLEGE WAHDAT ROAD, LAHORE. (Combined)-I",514,161,,
211,Standard Grammar higher secondary school karim block Lahore (Male)-I,560,219,,
212,Standard grammar higher secondary school karim block Lahore (Female)-I,413,102,,
213,Standard Grammar higher secondary school karim block Lahore (Combined)-I,210,79,,
214,Standard grammar higher secondary school karim block Lahore (Male)-II,434,129,,
215,Standard grammar higher secondary school karim block Lahore (Female)-II,331,76,,
216,"CDG HIGH SCHOOL NEAR FILTER HOSPITAL WAHDAT COLONY, LAHORE. (MALE)-I",0,0,,
217,"CDG HIGH SCHOOL NEAR FILTER HOSPITAL WAHDAT COLONY, LAHORE. (FEMALE)-I",0,0,,
218,DIRECTORATE STAFF DEVELOPMENT PAK BLOCK (New Name Quaid e Azam Academy for educational development) (FEMALE)-I,394,97,,
219,DIRECTORATE STAFF DEVELOPMENT PAK BLOCK (New Name Quaid e Azam Academy for educational development) (MALE)-I,443,134,,
220,"Government COLLEGE OF TECHNOLOGY (PRINTING & GRAPHIC ARTS) ALLAMA IQBAL TOWN, LAHORE. (MALE)-I",337,81,,
221,"Government COLLEGE OF TECHNOLOGY (PRINTING & GRAPHIC ARTS) ALLAMA IQBAL TOWN, LAHORE. (FEMALE)-I",294,37,,
222,"Pak Polytechnic Institute 32-Civic Centre, Satluj Block, Lahore (Female)-I",297,44,,
223,"Pak Polytechnic Institute 32-Civic Centre, Satluj Block, Lahore (Male)-I",358,91,,
224,"Pak Polytechnic Institute 32-Civic Centre, Satluj Block, Lahore (Combined)-I",409,125,,
225,"Government Girls Elementary School, Nargis Block-AIT (EX MCL) Lahore (Male)-I",235,56,,
226,"Government Girls Elementary School, Nargis Block-AIT (EX MCL) Lahore (Female)-I",224,45,,
227,"WAPDA GIRLS HIGH SCHOOL 63-RACHNA BLOCK ALLAMA IQBAL TOWN, LAHORE. (MALE)-I",436,159,,
228,"WAPDA GIRLS HIGH SCHOOL 63-RACHNA BLOCK ALLAMA IQBAL TOWN, LAHORE. (FEMALE)-I",417,97,,
229,"WAPDA GIRLS HIGH SCHOOL 63-RACHNA BLOCK ALLAMA IQBAL TOWN, LAHORE. (MALE)-II",506,220,,
230,"WAPDA GIRLS HIGH SCHOOL 63-RACHNA BLOCK ALLAMA IQBAL TOWN, LAHORE. (FEMALE)-II",436,134,,
231,"Government Girls Elementary School, Nargis Block-AIT (EX MCL) Lahore (Male)-II",302,116,,
232,"Government Girls Elementary School, Nargis Block-AIT (EX MCL) Lahore (Female)-II",319,95,,
233,CDGL GIRLS MIDDLE MODEL SCHOOL NARGAS BLOCK LAHORE. (FEMALE)-I,311,64,,
234,CDGL GIRLS MIDDLE MODEL SCHOOL NARGAS BLOCK LAHORE. (MALE)-I,0,0,,
235,"CDG Middle High School, Huma Block, Allama Iqbal Town, Lahore. (Male)-I",555,197,,
236,"CDG Middle High School, Huma Block, Allama Iqbal Town, Lahore. (Female)-I",452,134,,
237,"Government COLLEGE OF TECHNOLOGY (PRINTING & GRAPHIC ARTS) ALLAMA IQBAL TOWN, LAHORE. (MALE)-II",439,142,,
238,"Government COLLEGE OF TECHNOLOGY (PRINTING & GRAPHIC ARTS) ALLAMA IQBAL TOWN, LAHORE. (FEMALE)-II",419,144,,
239,Government Islamia Graduate College 1-Ravi Block I/T Lahore (Combined)-I,0,0,,
240,"Government Gradutate College of Science, Wahdat Road, Lahore (Combined)-I",337,160,,
241,"Government Gradutate College of Science, Wahdat Road, Lahore (Male)-I",448,417,,
242,"Government Gradutate College of Science, Wahdat Road, Lahore (Female)-I",0,0,,
243,"Government SCIENCE COLLEGE WAHDAT ROAD, LAHORE. (MALE)-I",601,213,,
244,"Government SCIENCE COLLEGE WAHDAT ROAD, LAHORE. (FEMALE)-I",436,133,,
245,Government ISLAMIA COLLEAGE OF COMMERCE RAVI BLOCK IQBAL TOWN LAHORE. (MALE)-I,386,123,,
246,Government ISLAMIA COLLEGE OF COMMERCE RAVI BLOCK IQBAL TOWN LAHORE. (FEMALE)-I,0,0,,
247,Government ISLAMIA COLLEAGE OF COMMERCE RAVI BLOCK IQBAL TOWN LAHORE. (Combined)-II,0,0,,
248,Standard grammar higher secondary school karim block Lahore (Male)-III,517,138,,
249,Standard grammar higher secondary school karim block Lahore (Female)-III,433,93,,
250,"Government Girls Secondary School, Umer Block Allama Iqbal Town, Lahore (MALE)-I",344,104,,
251,"Government Girls Secondary School, Umer Block Allama Iqbal Town, Lahore (FEMALE)-I",328,76,,
252,"Government Girls Secondary School, Umer Block Allama Iqbal Town, Lahore (COMBINED)-I",508,169,,
253,Government GIRLS HIGHER SECONDARY SCHOOL UMAR BLOCK LAHORE. (MALE)-I,330,117,,
254,Government GIRLS HIGHER SECONDARY SCHOOL UMAR BLOCK LAHORE. (FEMALE)-I,316,69,,
255,"Citizen Community Center, Raza Block, Allama Iqbal Town, Lahore. (Male)-I",504,460,,
256,"Citizen Community Center, Raza Block, Allama Iqbal Town, Lahore. (Female)-I",302,273,,
257,Allama Iqbal Open Univeristy RAZA BLOCK (Male)-I,596,207,,
258,Allama Iqbal Open Univeristy RAZA BLOCK (Female)-I,545,153,,
259,Allama Iqbal Open Univeristy RAZA BLOCK (Male)-II,510,170,,
260,Allama Iqbal Open Univeristy RAZA BLOCK (Female)-II,498,116,,
261,Punjab University Model High School Residntial Colony Quaid-E-Azam Campus Lahore (Male)-I,345,113,,
262,Punjab University Model High School Residntial Colony Quaid-E-Azam Campus Lahore (Female)-I,282,85,,
263,"SHEIKH ZAYED ISLAMIC CENTER, Punjab University Lahore (Male)-I",466,265,,
264,"SHEIKH ZAYED ISLAMIC CENTER, Punjab University Lahore (Female)-I",367,201,,
265,Stepping Stones School 14-A Shahjamal (Male)-I,461,145,,
266,Stepping Stones School 14-A Shahjamal (Female)-I,395,121,,
267,Government Primary School Services Hospital (Male)-I,399,184,,
268,Government Primary School Services Hospital (Female)-I,357,100,,
269,Crescent Model Higher Secondary School Boys Campus Shadman-1 (Male)-I,485,266,,
270,Crescent Model Higher Secondary School Boys Campus Shadman-1 (Female)-I,406,147,,
271,Dispensary GOR-III Lahore (Combined)-I,535,247,,
272,"HQ School System 26, Shah Jamal Lahore (Male)-I",374,181,,
273,"HQ School System 26, Shah Jamal Lahore (Female)-I",267,148,,
274,Crescent Model Higher Secondary School Boys Campus Shadman-1 (Combined)-I,600,209,,
275,"HQ School System 26, Shah Jamal Lahore (Combined)-I",407,199,,
276,Government Girls Middle School Guru Nanak Ichhra Lahore. (Male)-I,535,234,,
277,Government Girls Middle School Guru Nanak Ichhra Lahore. (Female)-I,373,160,,
278,Government Girls Primary School Guru Nanak Ichhra Lahore. (Male)-II,366,171,,
279,Government Girls Primary School Guru Nanak Ichhra Lahore. (Female)-II,231,115,,
280,"Aapa Nisar Fatima Girls High School Shah Jamal, Lahore, (Male)-I",0,0,,
281,"Aapa Nisar Fatima Girls High School Shah Jamal, Lahore, (Female)-I",229,128,,
282,"Aapa Nisar Fatima Girls High School Shah Jamal, Lahore, (Male)-II",376,308,,
283,"Aapa Nisar Fatima Girls High School Shah Jamal, Lahore, (Female)-II",351,220,,
284,"City District Government Boys Primary School, Fazalia Colony, Lahore (Combined)-I",317,291,,
285,"HQ School System 26, Shah Jamal Lahore (Combined)-II",0,0,,
286,"CDGL Boys Primary School (MCL) Fazlia Colony, Lahore (Male)-I",462,420,,
287,Azad Chaiwala Institute of Digital Skills Ferozpur Road Lahore (Female)-I,357,288,,
288,Azad Chaiwala Institute of Digital Skills Ferozpur Road Lahore (Male)-I,344,258,,
289,Azad Chaiwala Institute of Digital Skills Ferozpur Road Lahore (Female)-II,198,159,,
290,University of Home Economics S Block Gulberg-II Lahore (Male)-I,671,316,,
291,University of Home Economics S Block Gulberg-II Lahore (Female)-I,508,225,,
292,Government Najaf High School RC Cola Factory Gulberg (Combined)-I,531,381,,
293,"Government Girls High School,Ganga ICE FACTORY (Male)-I",562,291,,
294,"Government Girls High School, Ganga ICE FACTORY (Female)-I",448,209,,
295,"Government Boys High School, F Block, Gulberg, Lahore (Female)-I",508,134,,
296,"Government Boys High School, F Block, Gulberg, Lahore (Male)-I",599,197,,
297,CDGL High School for Girls B- BLOCK GULBERG-II LAHORE (Female)-I,306,126,,
298,CDGL High School for Girls B- BLOCK GULBERG-II LAHORE (Male)-I,369,190,,
299,"Government Girls High School, F BLOCK Main Market GULBERG Lahore (Combined)-I",467,218,,
300,"Government Girls High School, F BLOCK Main Market GULBERG Lahore (Male)-I",505,281,,
301,"Government Girls High School, F BLOCK Main Market GULBERG Lahore (Female)-I",335,160,,
302,"Government Girls High School, F BLOCK Main Market GULBERG Lahore (Male)-II",380,121,,
303,"Government Girls High School, F BLOCK Main Market GULBERG Lahore (Female)-II",277,62,,
304,"Government F.C.C Girls Primary School (English Medium) Shibli Road near Police Station, Ghalib Market, Gulberg, Lahore. (Combined)-I",386,79,,
305,CDGL High School for Girls B- BLOCK GULBERG-II LAHORE (Combined)-I,326,89,,
306,CDGL High School for Girls B- BLOCK GULBERG-II LAHORE (Combined)-II,352,70,,
307,Government Jinnah Degree College for Women Mozang Lahore (Male)-I,499,250,,
308,Government Jinnah Degree College for Women Mozang Lahore (Female)-I,363,133,,
309,Examination Hall Board of Indermedate and Secondary Education Lawrence Road Lahore (Combined)-I,463,155,,
310,Examination Hall Board of Indermedate and Secondary Education Lawrence Road Lahore (Male)-I,378,138,,
311,Examination Hall Board of Indermedate and Secondary Education Lawrence Road Lahore (Female)-I,272,59,,
312,Examination Hall Board of Indermedate and Secondary Education Lawrence Road Lahore (Combined)-II,0,0,,
313,"Lahore College for Women University Shadman, Lahore (Male)-I",439,139,,
314,"Lahore College for Women University Shadman, Lahore (Female)-I",323,65,,
315,"Lahore College for Women University Shadman, Lahore (Male)-II",322,98,,
316,"Lahore College for Women University Shadman, Lahore (Female)-II",274,44,,
317,Government Maqbol Aam High School GOR-I Lahore. (Male)-I,439,259,,
318,Government Maqbol Aam High School GOR-I Lahore. (Female)-I,375,180,,
319,Government Maqbol Aam High School GOR-I Lahore. (Male)-II,321,193,,
320,Government Maqbol Aam High School GOR-I Lahore. (Female)-II,251,135,,
321,"Govt. Darul Nswan Girls High School, 65-A jail road Lahore (Combined)-I",337,236,,
322,GHS Lahore Cantt near QURBAN LINE (MALE)-I,523,330,,
323,GHS Lahore Cantt near QURBAN LINE (FEMALE)-I,400,255,,
324,"City District Government Boys High School, Basti Saiden Shah Colony Lahore (Combined)-I",380,251,,
325,Govt. Secondary school of Special for Deaf and Deffective Hearing School for Boys(GunjMahal)40 T Gulberg-II Lahore (MALE)-I,556,240,,
326,Govt. Secondary school of Special for Deaf and Deffective Hearing School for Boys(GunjMahal)40 T Gulberg-II Lahore (FEMALE)-I,500,159,,
327,Govt. Secondary school of Special for Deaf and Deffective Hearing School for Boys(GunjMahal)40 T Gulberg-II Lahore (COMBINED)-I,340,149,,
328,"GOVT, PRIMARY SCHOOL GURUMANGAT (FEMALE)-I",372,164,,
329,"GOVT, PRIMARY SCHOOL GURUMANGAT (MALE)-I",552,275,,
330,Office of the Auditor General (Pakistan Bureaue of Statistics ) Gurumangat Road Lahore (COMBINED)-I,383,134,,
331,Office of the Auditor General (Pakistan Bureaue of Statistics ) Gurumangat Road Lahore (MALE)-I,352,208,,
332,Office of the Auditor General (Pakistan Bureaue of Statistics ) Gurumangat Road Lahore (FEMALE)-I,266,130,,
333,"Government Primary School, Ittehad Colony behind Nisar Art Press, Lahore (Combined)-I",0,0,,
334,"Govt. Girls Central Model Higher Secondary School Liberty Market Gulberg, Lahore (MALE)-I",426,213,,
335,"Govt. Girls Central Model Higher Secondary School Liberty Market Gulberg, Lahore (FEMALE)-I",302,174,,
336,GOVT Primary School Nabi Pura Gulberg 2 Lahore (Male)-I,236,75,,
337,GOVT Primary School Nabi Pura Gulberg 2 Lahore (Female)-I,197,51,,
338,Iqra Eductaion Center Gulberg -3 Lahore (Male)-I,320,180,,
339,Iqra Eductaion Center Gulberg -3 Lahore (Female)-I,268,146,,
340,CDGL Girls High School QABOOTAR PURA (MALE)-I,378,129,,
341,CDGL Girls High School QABOOTAR PURA (FEMALE)-I,313,71,,
342,GOVT Women COLLEGE Liberty Gulberg FOR GIRLS (MALE)-I,375,82,,
343,GOVT Women COLLEGE Liberty Gulberg FOR GIRLS (FEMALE)-I,0,0,,
344,The Educators School (Quaid Campus) 11-K Gulberg-III Lahore (MALE)-I,446,192,,
345,The Educators School (Quaid Campus) 11-K Gulberg-III Lahore (FEMALE)-I,390,133,,
346,"BALOCH SCHOOL SYSTEM MAKKAH COLONY GULBERG-III, LAHORE (MALE)-I",420,265,,
347,"BALOCH SCHOOL SYSTEM MAKKAH COLONY GULBERG-III, LAHORE (FEMALE)-I",260,154,,
348,"THE HOUSE OF STUDY SCHOOL, MAKKAH COLONY, GALLI NO. 5 GULBERG-III, LAHORE (MALE)-I",296,191,,
349,"THE HOUSE OF STUDY SCHOOL, MAKKAH COLONY, GALLI NO. 5 GULBERG-III, LAHORE (FEMALE)-I",199,105,,
350,"FAMILY WELFARE MIDDLE SCHOOL BEHIND OFFICE UC-204 K-BLOCK, Gulberg (MALE)-I",366,192,,
351,"FAMILY WELFARE MIDDLE SCHOOL BEHIND OFFICE UC-204 K-BLOCK, Gulberg (FEMALE)-I",262,129,,
352,Rahbar Eductaional High School Gulberg-lll (Male)-I,420,203,,
353,Rahbar Eductaional High School Gulberg-lll (Female)-I,394,194,,
354,HAJVARI UNIVERSITY 43-Industrial Area Macca colony GULBERG LAHORE (Male)-I,0,0,,
355,HAJVARI UNIVERSITY 43-Industrial Area Macca colony GULBERG LAHORE (Female)-I,149,92,,
356,HAJVARI UNIVERSITY 43-Industrial Area Macca colony GULBERG LAHORE (Male)-II,510,304,,
357,HAJVARI UNIVERSITY 43-Industrial Area Macca colony GULBERG LAHORE (Female)-II,142,110,,
358,Saint Thomas High School Street 6 Makkah Colony (MALE)-III,269,224,,
359,Saint Thomas High School Street 6 Makkah Colony (FEMALE)-III,0,0,,
360,University of Home Economics S Block Gulberg-II Lahore (Combined)-I,261,53,,
361,Government Najaf High School RC Cola Factory Gulberg Lahore (Combined)-II,252,94,,
362,MUMTAZ MEMORIAL GHSS 26-J GULBERG-III (Combined)-I,491,278,,
363,MUMTAZ MEMORIAL GHSS 26-J GULBERG-III (MALE)-I,297,137,,
364,MUMTAZ MEMORIAL GHSS 26-J GULBERG-III (FEMALE)-I,301,109,,
365,"Amin Maktab School 54 J-Block, Gulberg-III, LAHORE (MALE)-I",586,270,,
366,"Amin Maktab School 54 J-Block, Gulberg-III, LAHORE (FEMALE)-I",442,179,,
367,"Government Girls High School, B-Block, Gulberg-II Lahore (Combined)-I",269,149,,
368,"FC COLLEAGE, Zahoor Elahi Rd, Gulberg III LAHORE (MALE)-I",295,370,,
369,"FC COLLEAGE, Zahoor Elahi Rd, Gulberg III, LAHORE (FEMALE)-I",213,247,,
370,"FC COLLEAGE, Zahoor Elahi Rd, Gulberg III LAHORE (MALE)-II",179,130,,
371,"FC COLLEAGE, Zahoor Elahi Rd, Gulberg III, LAHORE (FEMALE)-II",124,60,,
372,"FC COLLEAGE, Zahoor Elahi Rd, Gulberg III, LAHORE (COMBINED)-I",0,0,,
373,Government Girls Elementary School Chaudhary Colony Kachi Abadi Icchra Lahore (Male)-I,502,259,,
374,Government Girls Elementary School Chaudhary Colony Kachi Abadi Icchra Lahore (Female)-I,396,137,,
375,"British School 6-Peer Ghazi Road, Icchra, Lahore (COMBINED)-I",243,99,,
376,"Ideal Grammer School 65-Peer Ghazi Road, Lahore (COMBINED)-I",202,101,,
377,samanabad town office (Combined)-I,290,153,,
378,samanabad town office (Combined)-II,0,0,,
379,Government Girls Elementary School Chaudhary Colony Kachi Abadi Icchra Lahore (Male)-II,336,174,,
380,Government Girls Elementary School Chaudhary Colony Kachi Abadi Icchra Lahore (Female)-II,233,63,,
381,"PICS Lyceum, Lahore (COMBINED)-I",311,151,,
382,"Pakistan Grammar School, 623.N Samanabad Lahore (COMBINED)-I",324,85,,
383,"Allied School, Daffodils Campus, 171-N Ghazali Road Samanabad, Lahore (MALE)-I",211,113,,
384,"Allied School, Daffodils Campus, 950-N Goal Chakar No.03 Choudhary Colony Samanabad, Lahore (Female)-I",203,61,,
385,"Scholar Islamic Public School Haji Colony Near National Bank Nadeem Shaheed Road Samanabad, Lahore (Male)-I",261,130,,
386,"Scholar Islamic Public School Haji Colony Near National Bank Nadeem Shaheed Road Samanabad, Lahore (Female)-I",178,53,,
387,"Government Sulemania Model Primary School Samanabad, Lahore (MALE)-I",386,199,,
388,"Government Sulemania Model Primary School Samanabad, Lahore (FEMALE)-I",237,76,,
389,Native School Ahmad Munir Shaheed Road Ichra Lahore (Combined)-I,212,65,,
390,SMS Model School Gunj Buksh Ichar School Lahore (Male)-I,242,169,,
391,SMS Model School Gunj Buksh Ichar School Lahore (Female)-I,179,91,,
392,Ahsan Foundation Model School Gunj Buksh Ichar Lahore (Male)-I,283,216,,
393,Ahsan Foundation Model School Gunj Buksh Ichar Lahore (Female)-I,216,107,,
394,Al-Munawar Public High School Shah Kamal Road Lahore (COMBINED)-I,366,260,,
395,Al Azhar Academy Lahore (COMBINED)-I,420,164,,
396,"City District Govt. Boys High School Takia Lehri Shah, Lahore. (Male)-I",455,303,,
397,"City District Govt. Boys High School Takia Lehri Shah, Lahore. (Female)-I",337,230,,
398,"City District Govt. Boys High School Takia Lehri Shah, Lahore. (Male)-II",0,0,,
399,"City District Govt. Boys High School Takia Lehri Shah, Lahore. (Female)-II",353,146,,
400,Samanabad Girls College Samanabad (Male)-I,0,0,,
401,Samanabad Girls College Samanabad (Male)-II,384,150,,
402,Samanabad Girls College Samanabad (Female)-I,416,140,,
403,Samanabad Girls College Samanabad (Female)-II,343,80,,
404,Government Post Graduate College for women Samanabad Lahore (Combined)-I,192,101,,
405,Government Post Graduate College for women Samanabad Lahore (Male)-I,0,0,,
406,Government Post Graduate College for women Samanabad Lahore (Female)-I,387,159,,
407,"Government Sulemania Public High School, Samanabad, Lahore (Combined)-II",277,201,,
408,Government Post Graduate College for women Samanabad Lahore (Combined)-II,236,153,,
409,"Government Sulemania Public High School, Samanabad, Lahore (Female)-I",322,89,,
410,"Government Sulemania Public High School, Samanabad, Lahore (Male)-I",370,162,,
411,"Government Sulemania Public High School, Samanabad, Lahore (Combined)-III",263,87,,
412,"Government Sulemania Public High School, Samanabad, Lahore (Combined)-IV",276,131,,
413,Lahore Cambridge School Zalidar Road Lahore (Female)-I,337,117,,
414,Lahore Cambridge School Zalidar Road Lahore (Male)-I,433,182,,
415,Lahore Cambridge School Zalidar Road Lahore (Male)-II,468,240,,
416,Lahore Cambridge School Zalidar Road Lahore (Female)-II,266,167,,
417,Pak Pioneer School Lahore (Male)-I,416,239,,
418,Pak Pioneer School Lahore (Female)-I,277,152,,
419,Pak Pioneer School Lahore (Male)-II,305,190,,
420,Pak Pioneer School Lahore (Female)-II,220,140,,
421,Standar Model School Pir Ghazi Road Ichhra Lahore (Male)-I,279,184,,
422,Standar Model School Pir Ghazi Road Ichhra Lahore (Female)-I,193,109,,
423,"Kinz Ul Iman Beacon School Rana Street Aziz Park Muhammad Pura Ichra, Lahore (MALE)-I",339,213,,
424,"Kinz Ul Iman Beacon School Rana Street Aziz Park Muhammad Pura Ichra, Lahore (FEMALE)-I",225,149,,
425,"Kinz Ul Iman Beacon School Rana Street Aziz Park Muhammad Pura Ichra, Lahore (FEMALE)-II",133,62,,
426,"Kinz Ul Iman Beacon School Rana Street Aziz Park Muhammad Pura Ichra, Lahore (MALE)-II",186,124,,
427,"Government Shahab-ud-Din Girls High School, Shah Kamal Road, Combo Colony, Lahore. (MALE)-I",263,223,,
428,"Government Shahab-ud-Din Girls High School, Shah Kamal Road, Combo Colony, Lahore. (FEMALE)-I",193,123,,
429,Native School Ahmad Munir Shaheed Road Ichra Lahore (Combined)-I,362,204,,
430,"Government Shahbad-ud-Din Girls High School, Shah Kamal Road, Rawan Lahore (Male)-I",343,155,,
431,"Government Shahbad-ud-Din Girls High School, Shah Kamal Road, Rawan Lahore (Female)-I",215,92,,
432,"Government Shahab-ud-Din Girls High School, Shah Kamal Road, Combo Colony, Lahore. (MALE)-II",321,148,,
433,"Government Shahab-ud-Din Girls High School, Shah Kamal Road, Combo Colony, Lahore. (FEMALE)-II",234,117,,
