No,Name,IND-PTI,JIP,MQM-P,PPP,Total Votes,Filename
1,Brilliant Carrier School Sec 7-D/2 N KHI,166,165,59,64,,
2,Brilliant Carrier School Sec 7-D/2 N KHI,180,138,88,43,,
3,Govt Degree College Sec 7-D N KHI,516,296,47,18,,
4,Govt Degree College Sec 7-D N KHI,556,245,132,13,,
5,Govt Degree College Sec 7-D N KHI,483,198,92,11,,
6,Govt Degree College Sec 7-D N KHI,355,181,62,12,,
8,Govt Degree College Sec 7-D N KHI,457,137,48,9,,
9,Govt Degree College Sec 7-D N KHI,480,19,49,8,,
10,GBPS Sec 7-D/2 North Karachi,447,246,68,7,,
11,SG Grammar School (Old Name Martain Public School) Sec r-970 7-C North Karachi,484,260,49,7,,
14,Kalyana girls college Sec 10 N.K,495,273,67,8,,
15,Kalyana girls college Sec 10 N.K,449,183,46,4,,
16,The Educators Sec 11C/1 North Karachi,437,236,7,7,,
17,The Educators Sec 11C/1 North Karachi,420,191,54,5,,
18,The Educators Sec 11C/1 North Karachi,328,195,76,13,,
19,The Educators Sec 11C/1 North Karachi,304,158,38,7,,
21,The Educators Sec 11C/1 North Karachi,514,219,81,11,,
22,Saeeda Academy ST-9/4 11-C/1 North Karachi,430,177,84,10,,
60,Mak Collegate Sec 14-A Shadman Town,504,215,53,6,,
61,Mak Collegate Sec 14-A Shadman Town,486,236,37,4,,
62,Mak Collegate Sec 14-A Shadman Town,376,254,28,9,,
63,New National scholar School 14-A shadman Town,500,226,95,8,,
64,New National scholar School 14-A shadman Town,451,204,49,15,,
65,Hilton Grammer School 14-B Shadman Town,423,134,28,6,,
66,Hilton Grammer School 14-B Shadman Town,375,126,22,1,,
67,Hilton Grammer School 14-B Shadman Town,490,215,58,3,,
68,Orchard High School Sector 14-B Shadman Town,500,194,51,3,,
69,Orchard High School Sector 14-B Shadman Town,262,126,44,6,,
70,Orchard High School Sector 14-B Shadman Town,262,102,19,2,,
71,Orchard High School Sector 14-B Shadman Town,527,214,43,8,,
72,Orchard High School Sector 14-B Shadman Town,413,158,35,5,,
73,Orchard High School Sector 14-B Shadman Town,419,185,36,0,,
74,Akber Public School 14-B Shadman Town near lmam bargah,381,116,87,11,,
75,Akber Public School 14-B Shadman Town near lmam bargah,343,72,49,3,,
76,Akber Public School 14-B Shadman Town near lmam bargah,368,122,54,5,,
77,Akber Public School 14-B Shadman Town near lmam bargah,339,198,61,44,,
78,Akber Public School 14-B Shadman Town near lmam bargah,238,82,52,31,,
79,Akber Public School 14-B Shadman Town near lmam bargah,251,71,38,6,,
80,R.G Public School L4-B Shadman,254,132,68,7,,
81,R.G Public School L4-B Shadman,232,80,27,6,,
82,R.G Public School L4-B Shadman,208,109,41,5,,
83,TT.C Girls College Sector15-B Bufferzone,426,231,88,6,,
84,TT.C Girls College Sector15-B Bufferzone,462,225,58,5,,
85,F.F.Pubtic School Sectorl 5-B North Karachi,382,171,56,7,,
86,F.F.Pubtic School Sectorl 5-B North Karachi,375,132,33,7,,
87,F.F.Pubtic School Sectorl 5-B North Karachi,328,146,41,6,,
88,Scholar Pride School Sector 1.5-B  Bufferzone,282,127,109,3,,
89,Scholar Pride School Sector 1.5-B  Bufferzone,399,184,98,7,,
90,Scholar Pride School Sector 1.5-B  Bufferzone,306,132,86,3,,
91,TT.C Girls College Sector15-B Bufferzone,408,212,66,2,,
92,TT.C Girls College Sector15-B Bufferzone,218,110,26,1,,
93,TT.C Girls College Sector15-B Bufferzone,304,153,82,14,,
102,Govt.Degree Boys College Sect 15-A/4 Bufferzone,502,195,60,6,,
107,KBCC School Near Eidgah Sector 15-A/1,410,135,44,10,,
110,KBCC School Near Eidgah Sector 15-A/1,284,93,36,5,,
112,KBCC School Near Eidgah Sector 15-A/1,267,111,28,6,,
121,Al- Aleem Public School Sect 15-A/5 Bufferzone,426,202,7,3,,
122,Al- Aleem Public School Sect 15-A/5 Bufferzone,297,109,45,5,,
123,Al- Aleem Public School Sect 15-A/5 Bufferzone,272,83,19,2,,
124,IISAR School on A-70/15-A Bufferzone North Karachi,427,176,34,4,,
125,IISAR School on A-70/15-A Bufferzone North Karachi,292,114,32,6,,
127,IISAR School Near Khan Cambridge Sect-15-A/5 (Male),389,131,0,0,,
131,Ferobal Grammer School Sector 16-A Bufferzone,322,156,70,13,,
132,Karachi Secondary School of Academic Excelence at Plot No 94 101 KBR 1 Sector 16A North karachi,334,113,50,17,,
133,Karachi Secondary School of Academic Excelence at Plot No 94 101 KBR 1 Sector 16A North karachi,354,147,61,33,,
140,GBPS K.B.R. Sector 16-A Bufferzone,274,114,25,5,,
143,Brighter Grammer School Arfat Town near Temuria P.S Block-L,400,272,60,18,,
144,Brighter Grammer School Arfat Town near Temuria P.S Block-L,117,67,32,33,,
145,Brighter Grammer School Arfat Town near Temuria P.S Block-L,154,101,68,54,,
146,Brighter Grammer School Arfat Town near Temuria P.S Block-L,78,91,146,67,,
147,Ghazi Foundation Block L North Nazimabad,178,105,149,11,,
148,Ghazi Foundation Block L North Nazimabad,171,70,38,9,,
149,Ghazi Foundation Block L North Nazimabad,166,152,161,14,,
150,lqra Children Accademy Block-N North Nazimabad,244,248,61,31,,
151,lqra lslamic Edu; AccademY B-353 Block-N North Nazimabad,216,236,39,14,,
152,lqra lslamic Edu; AccademY B-353 Block-N North Nazimabad,154,135,18,8,,
153,Choudhri Rehmat Ali KMC Pry School Block-L N.Naz,231,120,26,0,,
154,Choudhri Rehmat Ali KMC Pry School Block-L N.Naz,226,105,19,30,,
155,Choudhri Rehmat Ali KMC Pry School Block-L N.Naz,293,154,36,3,,
156,Choudhri Rehmat Ali KMC Pry School Block-L N.Naz,274,92,16,6,,
159,Govt. lntermediate Girls College Block-M. North Nazimabad Karachi,375,145,36,13,,
160,Govt. lntermediate Girls College Block-M. North Nazimabad Karachi,319,158,27,3,,
161,Govt. lntermediate Girls College Block-M. North Nazimabad Karachi,271,121,18,3,,
162,Govt comprehensive girls school Block-M North Nazimabad,229,101,16,0,,
163,Govt comprehensive girls school Block-M North Nazimabad,437,214,51,10,,
166,Govt comprehensive girls school Block-M North Nazimabad,333,202,21,7,,
169,Govt. Polytechnic lnstitute Block-N North Nazimabad,282,94,31,4,,
170,Govt. Polytechnic lnstitute Block-N North Nazimabad,309,95,9,3,,
171,Govt. Polytechnic lnstitute Block-N North Nazimabad,213,123,43,3,,
172,Syed Ahmed Shaheed KMC Private School Block-N North Nazimabad,315,93,68,6,,
173,Syed Ahmed Shaheed KMC Private School Block-N North Nazimabad,383,201,75,7,,
174,Syed Ahmed Shaheed KMC Private School Block-N North Nazimabad,357,138,26,2,,
175,Syed Ahmed Shaheed KMC Private School Block-N North Nazimabad,411,140,54,8,,
176,Karachi Elementary School Block-M North Nazimbad,275,138,35,0,,
177,Karachi Elementary School Block-M North Nazimbad,278,146,34,9,,
179,lbrahim Ali Bahi GBSS Block- l North Nazimabad,337,116,25,16,,
180,lbrahim Ali Bahi GBSS Block- l North Nazimabad,538,291,40,10,,
181,lbrahim Ali Bahi GBSS Block- l North Nazimabad,412,177,52,8,,
182,Durrani GBSS Block-1 North Nazimabad,457,246,42,8,,
183,Durrani GBSS Block-1 North Nazimabad,410,212,49,11,,
184,Durrani GBSS Block-1 North Nazimabad,427,180,23,3,,
185,Govt.Degree college Block-K North Nazimabad,439,214,45,8,,
189,Sirjuddaullah KMC primary School Block J North Nazimabad,325,139,45,9,,
191,Sirjuddaullah KMC primary School Block J North Nazimabad,439,214,45,8,,
192,Govt.Boys & Girls Pry School near Sirajuddolah Primary School Block-J North Nazimabad.,455,230,78,9,,
195,Shipowner Govt college North Nazimabad,191,111,48,35,,
196,Shipowner Govt college North Nazimabad,381,171,45,24,,
197,Shipowner Govt college North Nazimabad,401,178,46,15,,
198,Shipowner Govt college North Nazimabad,225,89,41,77,,
199,Shipowner Govt college North Nazimabad,272,109,74,29,,
200,Shipowner Govt college North Nazimabad,364,110,75,53,,
201,"White House Grammer School (Old Atta public School) at C-6 Block-T
North Nazimabad",407,226,34,24,,
202,"White House Grammer School (Old Atta public School) at C-6 Block-T
North Nazimabad",405,177,39,12,,
203,"White House Grammer School (Old Atta public School) at C-6 Block-T
North Nazimabad",314,93,24,50,,
204,"White House Grammer School (Old Atta public School) at C-6 Block-T
North Nazimabad",394,151,23,18,,
205,lqra public school mustafabad North Nazimabad,195,95,87,33,,
206,lqra public school mustafabad North Nazimabad,308,188,81,51,,
207,GBLSS ghani dehalvi nusrat bhutto colony,281,8,188,31,,
208,GBLSS ghani dehalvi nusrat bhutto colony,279,160,124,25,,
209,Mama Montessori & Grammar Secondary School Block R North Nazimbad,427,173,2,49,,
210,Mama Montessori & Grammar Secondary School Block R North Nazimbad,344,173,17,40,,
211,Mama Montessori & Grammar Secondary School Block R North Nazimbad,380,201,18,24,,
212,Abdullah girls college Block-U N.Naz,339,108,22,30,,
213,Abdullah girls college Block-U N.Naz,203,69,90,13,,
214,Board of lntermediate Education (Libraray) Block-U North Nazimabad,62,105,71,152,,
216,Pak. Kids Acedemy Pahar Gunj Christion colony N.Naz,62,81,60,132,,
218,KENZ Model AcademyPlot No. A، 116 Block Q North Nazimabad,372,199,34,19,,
219,KENZ Model AcademyPlot No. A، 116 Block Q North Nazimabad,279,183,33,24,,
220,KENZ Model AcademyPlot No. A، 116 Block Q North Nazimabad,281,81,17,100,,
221,GGSS Ebrahim Ali bahi Block-P N.Nazimabad,236,125,0,20,,
222,GGSS Ebrahim Ali bahi Block-P N.Nazimabad,72,5,1,3,,
223,GGSS Ebrahim Ali bahi Block-P N.Nazimabad,246,74,15,16,,
224,GGSS Ebrahim Ali bahi Block-P N.Nazimabad,203,207,13,37,,
225,Abdullah girls college Block-U N.Naz,215,236,4,73,,
226,Abdullah girls college Block-U N.Naz,180,224,1,73,,
227,Abdullah girls college Block-U N.Naz,244,183,103,66,,
229,GPS Hassani Mabra ColonY North Nazimabad,355,160,0,0,,
230,GPS Hassani Mabra ColonY North Nazimabad,226,2,14,47,,
233,Allemia GBSS Block-A north Nazimabad,338,197,12,0,,
234,Allemia GBSS Block-A north Nazimabad,259,124,24,6,,
235,Allemia GBSS Block-A north Nazimabad,286,158,33,3,,
236,Allemia GBSS Block-A north Nazimabad,338,197,12,0,,
237,Cosmopolitan GGS School Block-A N.Nazimabad,545,242,0,0,,
238,Cosmopolitan GGS School Block-A N.Nazimabad,394,185,19,0,,
240,Badri GBSS Block-C NNazimabad,490,147,23,13,,
241,Badri GBSS Block-C NNazimabad,396,84,12,2,,
242,Badri GBSS Block-C NNazimabad,621,69,5,7,,
243,MSB Sultan public school Block-C N.Nazimabad,446,172,13,6,,
244,MSB Sultan public school Block-C N.Nazimabad,511,139,11,8,,
245,TTC North Nazimabad Block-E,411,34,2,10,,
248,TTC North Nazimabad Block-E,623,69,2,12,,
249,TTC North Nazimabad Block-E,536,64,10,10,,
250,Govt Nationalschool Block-D North Nazimabad,362,113,23,5,,
251,Govt Nationalschool Block-D North Nazimabad,411,187,0,0,,
252,Govt Nationalschool Block-D North Nazimabad,337,134,12,4,,
253,Govt Nationalschool Block-D North Nazimabad,213,96,0,0,,
254,Govt Nationalschool Block-D North Nazimabad,283,175,12,0,,
255,Govt Nationalschool Block-D North Nazimabad,335,98,16,3,,
258,Zaheer Public School ST-5/A Block-H North Nazimabad,294,115,29,4,,
259,Zaheer Public School ST-5/A Block-H North Nazimabad,396,104,29,9,,
261,Saifee Eidi Zahabi lnstitute of Science & Tech. Block-G North Nazimabad,213,96,22,33,,
262,Saifee Eidi Zahabi lnstitute of Science & Tech. Block-G North Nazimabad,362,113,23,5,,
264,Saifee Eidi Zahabi lnstitute of Science & Tech. Block-G North Nazimabad,584,160,46,2,,
266,Premeir Govt college Block-H North Nazimabad for Boys,478,182,27,8,,
267,Premeir Govt college Block-H North Nazimabad for Boys,399,177,32,9,,
268,Premeir Govt college Block-H North Nazimabad for Boys,405,170,56,2,,
269,Premeir Govt college Block-H North Nazimabad for Boys,430,212,39,10,,
270,Premeir Govt college Block-H North Nazimabad for Boys,240,168,50,7,,
271,Premeir Govt college Block-H North Nazimabad for Boys,419,152,25,6,,
272,Premeir Govt college Block-H North Nazimabad for Boys,507,172,45,7,,
273,Windsor Public School Block-H North Nazimabad,301,120,21,29,,
274,Windsor Public School Block-H North Nazimabad,236,86,38,109,,
275,Windsor Public School Block-H North Nazimabad,314,142,41,33,,
276,Windsor Public School Block-H North Nazimabad,182,130,49,239,,
277,Azeem children paradise school Block-B N.Nazimabad,353,197,41,13,,
278,Azeem children paradise school Block-B N.Nazimabad,269,134,18,10,,
279,Azeem children paradise school Block-B N.Nazimabad,347,158,45,20,,
280,Azeem children paradise school Block-B N.Nazimabad,215,96,29,2,,
281,Azeem children paradise school Block-B N.Nazimabad,204,187,17,23,,
282,Azeem children paradise school Block-B N.Nazimabad,158,167,20,83,,
283,Major Khalid Bin Sultan Block-B North Nazimabad,243,211,18,41,,
284,Major Khalid Bin Sultan Block-B North Nazimabad,112,217,19,59,,
286,Al Suffah Academy Schooling System Campus 4 C-34 Block B North Nazmabad,282,160,12,116,,
287,Major Khalid Bin Sultan Block-B North Nazimabad,312,217,27,11,,
288,Major Khalid Bin Sultan Block-B North Nazimabad,258,304,29,50,,
289,Major Khalid Bin Sultan Block-B North Nazimabad,166,206,25,38,,
290,Childrens Educational Center Govt Boys Secondary School {Muslim Popular) Block-F near sajidia imam bargha,156,130,16,0,,
291,Childrens Educational Center Govt Boys Secondary School {Muslim Popular) Block-F near sajidia imam bargha,432,302,18,8,,
292,Childrens Educational Center Govt Boys Secondary School {Muslim Popular) Block-F near sajidia imam bargha,253,140,16,5,,
293,Childrens Educational Center Govt Boys Secondary School {Muslim Popular) Block-F near sajidia imam bargha,356,159,10,91,,
294,Childrens Educational Center Govt Boys Secondary School {Muslim Popular) Block-F near sajidia imam bargha,323,169,25,102,,
296,Major ikram shaheed KMC primary school RN-18,264,96,20,39,,
298,Major ikram shaheed KMC primary school RN-18,167,88,37,9,,
303,Al-Razi Secondary School Chandni Chowk,124,123,118,8,,
306,lqra Rehbat ul Atfal 5A/10 Ashraf Nagar,314,166,36,67,,
307,GBPS Globe No. 2 Paposh Nager Near Rehmania Ground Jahmoria Colony,187,43,176,9,,
