No,Name,IND-PTI,PML-N,JIP,PPP,Total Votes,Filename
1,االسمآب.د۔)رمد(،11/2-IV( G) االسمآب.دامڈلوکسل 1,345,141,61,15,,
2,االسمآب.د۔)وعرت(،11/2-IV( G) االسمآب.دامڈلوکسل 2,352,101,52,7,,
3,االسمآب.د۔)رمد(،11/2-I-X( G) االسمآب.دامڈلوکسلافررگزل 3,221,82,34,10,,
4,االسمآب.دامڈلاکجلافررگزل،یلگربمن10،یج11/1،االسمآب.د۔)رمد( 14,299,104,51,11,,
5,االسمآب.دامڈلاکجلافررگزل،یلگربمن10،یج11/1،االسمآب.د۔)وعرت( 15,304,74,41,10,,
6,االسمآب.دامڈلاکجلافررگزل،یلگربمن10،یج11/1،االسمآب.د۔)رمد( 16,118,34,31,4,,
7,"االسمآب.دامڈلاکجلافررگزل،یلگربمن10،یج11/1،االسمآب.د۔)وعرت( 17
¸ .",124,25,28,1,,
8,"االسمآب.د۔)رمد(،11/1-G االسمآب.دامڈلاکجلافروبای 18
¸ .",164,50,25,6,,
9,"االسمآب.د۔)وعرت(،11/1-G االسمآب.دامڈلاکجلافروبای 19
¸ .",166,40,16,4,,
10,"االسمآب.د۔)رمد(،11/1-G االسمآب.دامڈلاکجلافروبای 20
¸ .",226,65,47,3,,
11,االسمآب.د۔)وعرت(،11/1-G االسمآب.دامڈلاکجلافروبای 21,210,49,22,2,,
12,االسمآب.د۔)رمد(،11/1-G،یلگربمن154،(IV) االسمآب.دامڈلوکسلافررگزل 22,361,143,49,15,,
13,"االسمآب.د۔)وعرت(،11/1-G،یلگربمن154،(IV) االسمآب.دامڈلوکسلافررگزل 23
¸ .",323,95,38,8,,
14,"وبرکاوجیل،االسمآب.د۔)رتشمہک( (IV) ا. لالسمآب.دامڈلوکس¸لافروبای 30
ا       .                   ا ا     ٰ  نٹی س
. ل              ¸",35,101,0,2,,
15,"السمآبد۔)رمد(،12-G د ر دہلیوم    وریوکسل،امیہرفعج،رٹکیس 36
ا       .                      ا ا     ٰ  نٹی س",172,252,12,9,,
16,"السمآبد۔)وعرت(،12-G د ر دہلیوم    وریوکسل،امیہرفعج،رٹکیس 37
¸            ا       .",123,195,6,2,,
17,"امرہلگویلیوکسلمٹسس،امیہلبنسرفعج، السمآبد۔)رتشمہک( 38
ا       .                        ا       کی   ٹی ٹل                      .",122,82,7,4,,
18,"السمآبد۔)رتشمہک(،12-G دی وجیرٹیکز     لسپمیک/لٹپیکاکجل،دربروچک،رسوسروڈ،رٹکیس 41
ا       .                     ا       کی   ٹی ٹل                      .",96,105,8,3,,
19,"السمآبد۔)رمد(،12-G دی وجیرٹیکز     لسپمیک/لٹپیکاکجل،دربروچک،رسوسروڈ،رٹکیس 42
ا       .                        ا       کی   ٹی ٹل                      .",213,127,14,10,,
20,"السمآبد۔)وعرت(،12-G دی وجیرٹیکز     لسپمیک/لٹپیکاکجل،دربروچک،رسوسروڈ،رٹکیس 43
ہی.ی ہ               ا     ا       .",130,82,8,5,,
21,"رورئیفلیوکسلریم رفعج، السمآبد۔)رمد( 44
ہی.ی ہ               ا     ا       .",68,138,16,3,,
22,"رورئیفلیوکسلریم رفعج، السمآبد۔)وعرت( 45                       ¸
ا       .                          ا  ا",52,124,6,1,,
23,"السمآبد۔)رتشمہک(،12-F،افصریم رپ رمئیوکسل،یلگربمن03،ہلحمامایکلں،امیہرفعج 46
.   ا                 ¸                   ا       .",207,291,36,5,,
24,"بب ملعلوکسلمٹسس،امیہلبنسرفعج،یج12، السمآبد۔)رتشمہک( 47
ا       .                         ا       .               ا ¸ .",69,93,13,7,,
25,"ولیچ، السمآبد۔)رتشمہک( (I-VIII) السمآبدامڈلوکسلافروب ی 48
کی   ٹی ٹل              ا       ل                 ا       .",232,210,16,109,,
26,دیامسرٹوکسل     ل،اہؤسربمن1، رٹسی128،یج13/4، السمآبد۔)رتشمہک( 49,587,128,128,87,,
27,ڈنپرپاہچ،االسمآب.د۔)رمد( (I-X) االسمآب.دامڈلوکسلافررگزل 50,316,185,17,117,,
28,ڈنپرپاہچ،االسمآب.د۔)وعرت( (I-X) االسمآب.دامڈلوکسلافررگزل 51,193,124,6,69,,
29,ڈنپرپاہچ،االسمآب.د۔)رمد( (I-X) االسمآب.دامڈلوکسلافررگزل 52,193,135,12,167,,
30,ڈنپرپاہچ،االسمآب.د۔)وعرت( (I-X) االسمآب.دامڈلوکسلافررگزل 53,142,112,14,138,,
31,"ڈنپرپاہچ،االسمآب.د۔)رتشمہک( (I-X) االسمآب.دامڈلوکسلافررگزل 54
¸ .",329,190,11,32,,
32,"االسمآب.د۔)رمد(،15-G،االسمآب.دامڈلاکجلافروبای 55
¸ .",432,191,126,9,,
33,"االسمآب.د۔)وعرت(،15-G،االسمآب.دامڈلاکجلافروبای 56
¸ .",341,111,89,10,,
34,االسمآب.د۔)رمد(،15-G،االسمآب.دامڈلاکجلافروبای 57,416,117,78,13,,
35,االسمآب.د۔)وعرت(،15-G،االسمآب.دامڈلاکجلافروبا ¸ .ی 58,315,75,53,8,,
36,"االسمآب.د۔)رتشمہک(،15/1-F دیامسر .  .ٹوکسل)لٹپیکسپمیک( ریمشک،اہؤگنسوساسیٹئ،رٹکیس 59
ا     ا                          ھٹگ    ا  ا       .",279,100,72,10,,
37,"ےکآر لیرگ رموکسل،ریششہوسریروڈ،    یدیس ں السمآبد۔)رتشمہک( 60
ا     ا             ¸             .ھٹ.گ    ا  ا       .",286,139,48,11,,
38,ےکآر لیرگ رموکسل،ریششہوسریروڈ،    یدیس ں السمآبد۔)رتشمہک( 61,373,157,36,21,,
39,ڈوھکاہوش،االسمآب.د۔)رمد( (IV)،االسمآب.دامڈلوکسلافررگزل 62,457,216,28,8,,
40,"ڈوھکاہوش،االسمآب.د۔)وعرت( (IV)،االسمآب.دامڈلوکسلافررگزل 63
ا       .                     ا       .               ا ¸ .",368,153,25,7,,
41,"ولیچ، السمآبد۔)رمد(،(I-VIII) السمآبدامڈلوکسلافروب ی 64
ا       .                        ا       .               ا ¸ .",238,121,14,43,,
42,"ولیچ، السمآبد۔)وعرت(،(I-VIII) السمآبدامڈلوکسلافروب ی 65
ا       .                        . ل",1,0,0,0,,
43,السمآبد۔)رمد(،13/3-G،افؤننشیوکسلمٹسس 68,365,119,69,12,,
44,"االسمآب.د۔)وعرت(،13/3 .-G،دیارئیرگارموکسل 69
ا   ا                  ھٹگ    ا   ا       .",398,68,47,11,,
45,"اہیئ زمی وجیرٹیکز،کنلروڈ،    یدیس ں، السمآبد۔)رتشمہک( 70
ا   ا                  .ھٹ.گ    ا   ا       .",270,94,19,13,,
46,"اہیئ زمی وجیرٹیکز،کنلروڈ،    یدیس ں، السمآبد۔)رمد( 71
ا   ا                  .ھٹ.گ    ا   ا       .",280,92,31,14,,
47,"اہیئ زمی وجیرٹیکز،کنلروڈ،    یدیس ں، السمآبد۔)وعرت( 72
.ھٹ.گ    ا   ا       .                     ا       .",217,47,14,5,,
48,یدیس ں، السمآبد۔)رتشمہک( (I-X) السمآبدامڈلوکسل،افررگزل 73,427,158,64,4,,
49,ڈوھکامیلسن،االسمآب.د۔)رمد( (IV) االسمآب.دامڈلوکسلافررگزل 74,378,247,52,23,,
50,ڈوھکامیلسن،االسمآب.د۔)وعرت( (IV) االسمآب.دامڈلوکسلافررگزل 75,251,150,37,20,,
51,"ڈوھکامیلسن،االسمآب.د۔)رتشمہک( (IV) االسمآب.دامڈلوکسلافررگزل 76
¸ .",376,229,33,7,,
52,"االسمآب.د۔)رمد(،13/2-G،االسمآب.دامڈلاکجلافروبای 77
¸ .",436,138,95,14,,
53,االسمآب.د۔)وعرت(،13/2-G،االسمآب.دامڈلاکجلافروبای 78,442,113,68,12,,
54,االسمآب.د۔)رمد(،13/1-G،االسمآب.دامڈلاکجلافررگزل 79,378,103,60,6,,
55,االسمآب.د۔)وعرت(،13/1-G،االسمآب.دامڈلاکجلافررگزل 80,390,71,43,3,,
56,االسمآب.د۔)رمد(،14/4-G،االسمآب.دامڈلاکجلافررگزل 81,281,136,79,2,,
57,"االسمآب.د۔)وعرت(،14/4-G،االسمآب.دامڈلاکجلافررگزل 82
¸        ل",301,95,65,4,,
58,"االسمآب.د۔)رتشمہک(،14/3-I ڈایوٹکیر    لیآسفدم  ¸ہنیااجحلج،احیج .  .پمیک،رٹکیس 83
ا                                            ھٹگ    ا   ا       .",372,134,90,9,,
59,"رگسسیامڈلوکسل ڈنیاکجل،نیلربمن-1رامحنبؤن،ریششہوسریروڈ    یدیس ں، السمآبد۔)رتشمہک( 86
ا       .                                                     ا ¸ .",323,230,158,12,,
60,"السمآبد۔)رمد(،14 -I-X( I) وہشدالعہمدیہشامڈلوکسلافروب ی 89
ا       .                                                        ا ¸ .",346,235,75,48,,
61,"السمآبد۔)وعرت(،14 -I-X( I) وہشدالعہمدیہشامڈلوکسلافروب ی 90
ا       .                  ا       .               ا ¸ .",291,165,44,30,,
62,"ونن، السمآبد۔)رمد( (I-X) السمآبدامڈلوکسلافروب ی 91
ا       .                    ا       .               ا ¸ .",259,278,72,179,,
63,ونن، السمآبد۔)وعرت( (I-X) السمآبدامڈلوکسلافروب ی 92,186,254,53,142,,
64,"دمہنیاملعلوکسلمٹسس،ڈنپرپ  بںرپاینآب.دی،االسمآب.د۔)رتشمہک( 93
¸ .",299,61,36,25,,
65,"ڈنپب ر  بں،االسمآب.د۔)رمد(،(IV) االسمآب.دامڈلوکسلافروبای 94
¸ .",334,66,37,12,,
66,"ڈنپب ر  بں،االسمآب.د۔)وعرت(،(IV) االسمآب.دامڈلوکسلافروبای 95
ا                 ا                 ا       .",165,34,30,19,,
67,"السہیمامڈلوکسل، افتقاکولین،یونل، السمآبد۔)رمد( 96
ا      ا             ا          . .          ا       .",405,118,47,24,,
68,"آوفسکرڈ السکم وجینشیکمٹسس، افتقاکولینیددمیندجسم، السمآبد۔)وعرت( 97
                ا           . . ا                   ا       .",177,48,13,16,,
69,باتسکنامڈلوکسل، افتقاکولین،ید السمامرٹیک،یونل، السمآبد۔)رتشمہک( 98,94,50,17,26,,
70,ڈکزڈنیلوکسل،یلگربمن1،ہلحمافروقامظع،اافتقاکولینروڈ،االسمآب.د۔)رتشمہک( 99,271,148,40,16,,
71,دورہ،االسمآب.د۔)رمد( (IV) االسمآب.دامڈلوکسل 100,242,216,43,245,,
72,دورہ،االسمآب.د۔)وعرت( (IV) االسمآب.دامڈلوکسل 101,192,181,24,241,,
73,ڈوھکرپاہچ،االسمآب.د۔)رتشمہک(،(I-X) االسمآب.دامڈلوکسلافررگزل 102,319,94,34,9,,
74,"ڈوھکرپاہچ،االسمآب.د۔)رتشمہک(،(I-X) االسمآب.دامڈلوکسلافررگزل 103
¸ .",171,352,10,34,,
75,"نینسحرشفیدیہشامڈلاکجلافروبای،یونل،االسمآب.د.. )رمد( 104
. .                   . .              ا       .",306,203,27,84,,
76,رپورگوسیامڈلوکسلیدریظنیبوچک،نیمحتفجروڈ،یونل، السمآبد۔)رتشمہک( 106,308,139,13,48,,
77,رالئڈسنفیوکسلاڈنیاکجل،االسمآب.د۔)رتشمہک( 107,202,180,13,0,,
78,"رالئڈسنفیوکسلاڈنیاکجل،االسمآب.د۔)رتشمہک( 108
¸ .",148,242,36,5,,
79,"نینسحرشفیدیہشامڈلاکجلافروبای،یونل،االسمآب.د۔)رتشمہک( 109
. .                  . .              ا       .",215,169,9,19,,
80,"وزڈمامڈلوکسل،یدتلماکولین،نیمحتفجروڈ،یونل، السمآبد۔)رمد( 110
. .                  . .              ا       .",242,160,37,34,,
81,"وزڈمامڈلوکسل،یدتلماکولین،نیمحتفجروڈ،یونل، السمآبد۔)وعرت( 111
ا                              ا       .",91,82,24,26,,
82,"زیم نوکسزل،ہلحموچدرھبں،یونل، السمآبد۔)رتشمہک( 112
ا       .                  ا  .         ا                     ا ¸ .",193,151,37,15,,
83,"ونزگی، السمآبد۔)رمد(،(I-X) ربباصدق ہللدیہشامڈلوکسلافروب ی 113
ا       .                    ا  .         ا                     ا ¸ .",201,170,11,39,,
84,"ونزگی، السمآبد۔)وعرت(،(I-X) ربباصدق ہللدیہشامڈلوکسلافروب ی 114
ا       .                ب .ھ لا       ا       .",200,140,13,33,,
85,"السمآبدامڈلاکجلافررگزل  ڈ ہنالکں، السمآبد۔)رتشمہک( 115
ا       .                ب .ھ لا       ا       .",327,167,12,66,,
86,"السمآبدامڈلاکجلافررگزل  ڈ ہنالکں، السمآبد۔)رمد( 116
ا       .                ب .ھ لا       ا       .",297,184,3,54,,
87,"السمآبدامڈلاکجلافررگزل  ڈ ہنالکں، السمآبد۔)وعرت( 117
ب .ھ لا       ا       .                       ا                   ا ¸ .",204,151,6,76,,
88,"ڈ ہنالکں، السمآبد۔)رمد( (I-X) ریشون زدیہشامڈلوکسلافروب ی 118
ب .ھ لا       ا       .                         ا                   ا ¸ .",241,214,20,91,,
89,"ڈ ہنالکں، السمآبد۔)وعرت( (I-X) ریشون زدیہشامڈلوکسلافروب ی 119
ا       .                ب .ھ لا       ا       .",211,204,15,89,,
90,"السمآبدامڈلاکجلافررگزل  ڈ ہنالکں، السمآبد۔)رتشمہک( 120
ا     .      ا       .                      ا       .",243,177,10,16,,
91,"رس ےئخوبزہ، السمآبد۔)رمد( (I-VIII) السمآبدامڈلوکسلافررگزل 121
ا     .      ا       .                        ا       .",222,123,7,4,,
92,"رس ےئخوبزہ، السمآبد۔)وعرت( (I-VIII) السمآبدامڈلوکسلافررگزل 122
ا     .      ا       .                      ا       .",68,186,2,7,,
93,"رس ےئخوبزہ، السمآبد۔)رمد( (I-VIII) السمآبدامڈلوکسلافررگزل 123
ا     .      ا       .                        ا       .",137,245,7,5,,
94,"رس ےئخوبزہ، السمآبد۔)وعرت( (I-VIII) السمآبدامڈلوکسلافررگزل 124
ا           . ل                                              .         ا       .",99,62,1,11,,
95,"ر لئویفرچافؤننشیوکسل/اجنپباسسنئاکجلڈوھکابعیس،اسڑیخوبزہروڈ، السمآبد۔)رمد( 125
ا   ا ا                 ایک س             ا                                    ا     .      ا       .",196,112,14,6,,
96,"ق ء وجینشیکوکسلآف   یسنیل،دصقی ربک،وچک/اینزیوچک،ڈوھکابعیس،رس ےئخوبزہ، السمآبد۔)وعرت( 126
ن.ٹلی س                 ا     .                  ا       .",122,129,1,9,,
97,"دیولگریوم    وریوکسلمٹسسرس ےئخوبزہ،ڈوھکابعیس، السمآبد۔)رتشمہک( 127
ن.ٹلی س                 ا     .                  ا       .",256,216,28,10,,
98,"دیولگریوم    وریوکسلمٹسسرس ےئخوبزہ،ڈوھکابعیس، السمآبد۔)رمد( 128
ا   ا ا                 ایک س             ا                                    ا     .      ا       .",451,197,24,7,,
99,"ق ء وجینشیکوکسلآف   یسنیل،دصقی ربک،وچک/اینزیوچک،ڈوھکابعیس،رس ےئخوبزہ، السمآبد۔)وعرت( 129
ا   ا       .                                                  ا ¸ .",199,175,0,0,,
100,"ڈوھکرپ ہچ، السمآبد۔)رتشمہک(،(I-VIII) یلعاخندیہشامڈلوکسلافروب ی 130
ا   ا       .                                               ا ¸ .",326,334,50,30,,
101,"ڈوھکرپ ہچ، السمآبد۔)رمد(،(I-VIII) یلعاخندیہشامڈلوکسلافروب ی 131
ا   ا       .                                                 ا ¸ .",342,257,40,0,,
102,"ڈوھکرپ ہچ، السمآبد۔)وعرت(،(I-VIII) یلعاخندیہشامڈلوکسلافروب ی 132
ا   ا       .                                               ا ¸ .",158,154,16,27,,
103,"ڈوھکرپ ہچ، السمآبد۔)رمد(،(I-VIII) یلعاخندیہشامڈلوکسلافروب ی 133
ا   ا       .                                                 ا ¸ .",324,370,23,42,,
104,"ڈوھکرپ ہچ، السمآبد۔)وعرت(،(I-VIII) یلعاخندیہشامڈلوکسلافروب ی 134
 ل ا       .                ا       .               ا ¸ .",139,282,16,36,,
105,"وجہ، السمآبد۔)رمد(،(IV) السمآبدامڈلوکسلافروب ی 135
 ل ا       .                   ا       .               ا ¸ .",288,273,30,78,,
106,وجہ، السمآبد۔)وعرت(،(IV) السمآبدامڈلوکسلافروب ی 136,149,195,0,0,,
107,ڈوھکوجڑی،االسمآب.د۔)رمد(،(I-VIII) االسمآب.دامڈلوکسلافررگزل 137,266,323,16,130,,
108,ڈوھکوجڑی،االسمآب.د۔)وعرت(،(I-VIII) االسمآب. لدامڈلوکسلافررگزل   ¸138,175,245,9,106,,
109,"ڈوھکوجڑی،االسمآب.د۔)رمد(،(I- VIII) زمحہیلعاککدیہشامڈلوکسلافروبای 141
ل                    ¸ .",255,324,51,107,,
110,ڈوھکوجڑی،االسمآب.د۔)وعرت(،(I- VIII) زمحہیلعاککدیہشامڈلوکسلافروبای 142,180,306,50,99,,
111,"سٹ.گج .این،االسمآب.د۔)رمد( (I-X) االسمآب.دامڈلوکسلافررگزل 143
سٹ.گ .   ا       .                    ا       .",245,242,7,47,,
112,"جاین، السمآبد۔)وعرت( (I-X) السمآبدامڈلوکسلافررگزل 144
سٹ.گ .   ا       .",167,156,4,60,,
113,"جاین، السمآبد۔)رمد( (VI-X) املسندیہشامڈلوکسل،ڑلوکںےکےیل 145
سٹ.گ .   ا       .",242,261,13,11,,
114,جاین، السمآبد۔)وعرت( (VI-X) املسندیہشامڈلوکسل،ڑلوکںےکےیل 146,168,158,13,14,,
115,رساےئامدو،االسمآب.د۔)رمد( (IV) االسمآب.دامڈلوکسلافررگزل 147,227,276,20,149,,
116,"رساےئامدو،االسمآب.د۔)وعرت( (IV) االسمآب.دامڈلوکسلافررگزل 148
¸                 .  ل",175,240,10,168,,
117,"امرہلگویلیاسسنئاہؤس،شہاہللڈبروڈ،ڈنپسٹگڑ  بل،االسمآب.د۔)رمد( 149
¸  ا            س .ٹگ ل     ا       .",327,214,54,44,,
118,"امرہلگویلیاسسنئاہؤس،شہ ہللڈبروڈ،ڈنپ   ڑبل، السمآبد۔)وعرت( 150
¸  ا      ا       .                  ¸       .                   ا ¸ .",282,191,36,40,,
119,"شہ ہللدہت، السمآبد۔)رمد(،(IV) شہزیدیہشامڈلوکسلافروب ی 152
¸  ا      ا       .                    ¸       .                   ا ¸ .",348,315,23,49,,
120,"شہ ہللدہت، السمآبد۔)وعرت(،(IV) شہزیدیہشامڈلوکسلافروب ی 153
¸  ا      ا       .                    ا       .             ا ¸ .",296,264,17,29,,
121,"شہ ہللدہت، السمآبد۔)رمد(،(VI-X) السمآبدامڈلاکجلافروب ی 154
¸  ا      ا       .                       ا       .             ا ¸ .",364,134,13,55,,
122,"شہ ہللدہت، السمآبد۔)وعرت(،(VI-X) السمآبدامڈلاکجلافروب ی 155
.                     ا ¸ .ا          س .ٹگ ل     ا       .",316,71,13,27,,
123,"ویبڈٹیئیٹسوکسلمٹسسافروب ی ڈنیرگزلڈنپ   ڑبل، السمآبد۔)رمد( 156
.                     ا ¸ .ا          س .ٹگ ل     ا       .",275,78,27,12,,
124,"ویبڈٹیئیٹسوکسلمٹسسافروب ی ڈنیرگزلڈنپ   ڑبل، السمآبد۔)وعرت( 157
ا . ا                         ا ¸ .            ا       .",238,59,0,0,,
125,"ی رنیسحدیہشامڈلوکسلافروب ی،ریسیرسل، السمآبد۔)رمد( 158
ا . ا                         ا ¸ .            ا       .",372,257,39,89,,
126,ی رنیسحدیہشامڈلوکسلافروب ی،ریسیرسل، السمآبد۔)وعرت( 159,344,220,30,76,,
127,ریماریبی،االسمآب.د۔)رمد( (I-X) االسمآب.دامڈلوکسلافررگزل 160,312,372,31,84,,
128,ریماریبی،االسمآب.د۔)وعرت( (I-X) االسمآب.دامڈلوکسلافررگزل 161,205,288,0,50,,
129,ریماریبی،االسمآب.د۔)رمد( (I-X) االسمآب.دامڈلوکسلافررگزل 162,282,385,18,40,,
130,ریماریبی،االسمآب.د۔)وعرت( (I-X) االسمآب.دامڈلوکسلافررگزل 163,244,350,9,34,,
131,االسمآب.د۔)رمد(،11-E،وگڑلہ (I-XII) االسمآب.دامڈلاکجلافررگزل 164,295,236,10,11,,
132,االسمآب.د۔)وعرت(،11-E،وگڑلہ (I-XII) االسمآب.دامڈلاکجلافررگزل 165,229,131,7,9,,
133,االسمآب.د۔)رتشمہک(،11-E،وگڑلہ (I-XII) االسمآب.دامڈلاکجلافررگزل 166,1,0,0,0,,
134,االسمآب.د۔)رمد(،11-E،وگڑلہ (I-XII) االسمآب.دامڈلاکجلافررگزل 167,249,299,15,9,,
135,"االسمآب.د۔)وعرت(،11-E،وگڑلہ (I-XII) االسمآب.دامڈلاکجلافررگزل 168
ا       .                    ا        ا                ایک س             .  ا ا",201,203,0,0,,
136,"السمآبد۔)رمد(،11/1-E  رٹنلنشین السکموکسلآف   یسنیل،نشلگخ د د،رٹکیس 169
ا        ا                ایک ٹ  لی.         .  ا ا         ل                   ا        سی چ    ا           ا       .",273,215,14,3,,
137,"رٹنلنشین السکموکسلآف    س،نشلگخ د د،رٹسیربمن-1،)سکیمولی ڈیکیم(    ور ی-11/1، السمآبد۔)وعرت( 170
ا       .                  .                        ا ¸ .",198,144,11,4,,
138,"وگڑلہ، السمآبد۔)رمد( (IV) ملمرمعدیہشامڈلوکسلافروب ی 171
ا       .                     .                        ا ¸ .",158,168,11,4,,
139,"وگڑلہ، السمآبد۔)وعرت( (IV) ملمرمعدیہشامڈلوکسلافروب ی 172
ا       .                      .                        ا ¸ .",147,113,0,3,,
140,"وگڑلہ، السمآبد۔)رتشمہک( (IV) ملمرمعدیہشامڈلوکسلافروب ی 173
    ا       .              .",104,46,4,12,,
141,"دڑھکومہی، السمآبد۔)رمد( II بوکسلسپمیک 174
    ا       .                 .",205,203,22,1,,
142,"دڑھکومہی، السمآبد۔)وعرت( II بوکسلسپمیک 175
    ا       .                 .",154,173,18,17,,
143,دڑھکومہی، السمآبد۔)رتشمہک( II بوکسلسپمیک 176,119,182,27,37,,
144,"االسمآب.د۔)رتشمہک(،11/2-E رکوٹیڈنکراہؤس،اہؤسربمن186،اخدلنبودیلروڈ،رٹکیس 177
ا       .                         ن.ٹ ک  .                   .",290,187,34,3,,
145,السمآبد۔)رتشمہک(،11/3 -E   ناہؤسوکسلمٹسس،ڈٹروڈ،رٹکیس 182,270,52,23,4,,
146,االسمآب.د۔)رمد(،11/3-F االسمآب.دامڈلاکجلافررگزل 183,255,63,237,7,,
147,االسمآب.د۔)وعرت(،11/3-F االسمآب.دامڈلاکجلافررگزل 184,286,42,36,11,,
148,سپمیک،االسمآب.د۔)رمد( 11/2-F،اویپافیاکجل 185,301,84,36,11,,
149,سپمیک،االسمآب.د۔)وعرت( 11/2-F،اویپافیاکجل 186,313,71,24,10,,
150,"االسمآب.د۔)رمد( 11/4-F پیٹسوکسلکی   ٹی ٹللسپمیک،رٹکیس 187
ا       .                                  کی   ٹی ٹل",182,54,29,9,,
151,السمآبد۔)وعرت( 11/4-F پیٹسوکسل     لسپمیک،رٹکیس 188,196,32,17,5,,
152,"االسمآب.د۔)رتشمہک(،11/1-VI-X( F) االسمآب.دامڈلوکسلافررگزل 189
¸ .",383,41,18,9,,
153,"االسمآب.د۔)رمد(،11/1-F االسمآب.دامڈلاکجلافروبای 190
¸ .",301,91,38,8,,
154,"االسمآب.د۔)وعرت(،11/1-F االسمآب.دامڈلاکجلافروبای 191
¸ .",330,69,26,4,,
155,االسمآب.د۔)رتشمہک(،11/1-F االسمآب.دامڈلاکجلافروبای 192,226,48,23,13,,
156,(رمد) 11/1-VI-X( F) االسمآب.دامڈلوکسلافررگزل 193,234,85,13,31,,
157,"دبہیاقدرشخب)رمد( (I-X) االسمآب.دامڈلوکسلافررگزل 195
ا         .                         .    ا       .",214,95,17,26,,
158,"دخلمبوکسلدبعیرمتس،رہمآبدی، السمآبد۔)رمد( 197
ا         .                         .    ا       .",209,190,20,1,,
159,"دخلمبوکسلدبعیرمتس،رہمآبدی، السمآبد۔)وعرت( 198
ا         .                         .    ا       .",144,98,15,7,,
160,"دخلمبوکسلدبعیرمتس،رہمآبدی، السمآبد۔)رتشمہک( 199
ا       .                   ¸  ا           ا     .                      ا ¸ .",127,100,20,17,,
161,"السمآبد۔)رمد(،12-F،امیہ وک (I-X) وسیبرصدیہشامڈلوکسلافروب ی 200
ا       .                      ¸  ا           ا     .                      ا ¸ .",227,304,8,13,,
162,السمآبد۔)وعرت(،12-F،امیہ وک (I-X) وسیبرصدیہشامڈلوکسلافروب ی 201,189,227,7,8,,
163,االسمآب.د۔)رتشمہک(،12-F،اس  بوکسل،ریمااوک 202,282,228,0,0,,
164,االسمآب.د۔)رتشمہک(،12-F  .یتکیلعامڈلوکسل،امیہاوک،رٹکیس 203,283,337,9,9,,
165,"ہنیکسریہظاوجینشیکرٹنس،وگڑلہرولیےانشیٹس،االسمآب.د۔)رمد( 204
ا   ا     ملٹ ک   ا   .                ا       .                  ا       .",333,223,26,106,,
166,"یپ ے فی    س یبنئ)رئنیسالبک( السمآبد۔)رمد( (I-X) السمآبدامڈلوکسلافررگزل 209
ا   ا     ملٹ ک   ا   .                ا       .                    ا       .",224,43,15,13,,
167,"یپ ے فی    س یبنئ)رئنیسالبک( السمآبد۔)وعرت( (I-X) السمآبدامڈلوکسلافررگزل 210
ا   ا     ملٹ ک   ا   .                ا       .                     ا       .",97,48,7,6,,
168,"یپ ے فی    س یبنئ)رئنیسالبک( السمآبد۔)رتشمہک( (I-X) السمآبدامڈلوکسلافررگزل 211
ا   ا     ملٹ ک   ا   .                ا       .                  ا       .",151,36,13,8,,
169,"یپ ے فی    س یبنئ)رئنیسالبک( السمآبد۔)رمد( (I-X) السمآبدامڈلوکسلافررگزل 212
ا   ا     ملٹ ک   ا   .                ا       .                    ا       .",153,63,16,35,,
170,"یپ ے فی    س یبنئ)رئنیسالبک( السمآبد۔)وعرت( (I-X) السمآبدامڈلوکسلافررگزل 213
ا   ا     ملٹ ک   ا   .                ا       .                     ا       .",207,124,11,13,,
171,"یپ ے فی    س یبنئ)رئنیسالبک( السمآبد۔)رتشمہک( (I-X) السمآبدامڈلوکسلافررگزل 214
¸                                                     ¸ .",155,24,14,27,,
172,"امیہریبی۔)رمد(،(I-X) دعسارلامحندیہشامڈلوکسلافروبای 215
¸                                                                  ¸ .",130,45,8,66,,
173,"امیہریبی،االسمآب.د۔)وعرت( (I-X) دعسارلامحندیہشامڈلوکسلافروبای 216
ا  ا    ل              ا       .",94,29,2,73,,
174,"ی یرحبہیویوینریٹس، السمآبد۔)رمد( 217
ا  ا    ل              ا       .",188,72,35,17,,
175,"ی یرحبہیویوینریٹس، السمآبد۔)وعرت( 218
ا  ا    ل     ا       .                        ا       .",148,41,23,4,,
176,"ی ی/3، السمآبد۔)رتشمہک( (VI-X) السمآبدامڈلوکسلافررگزل 219
ا  ا    ل     ا       .                         ا       .",164,86,29,8,,
177,"ی ی/1، السمآبد۔)رمد( 2.IV( No) السمآبدامڈلوکسل 220
ا  ا    ل     ا       .                            ا       .",68,14,0,0,,
178,"ی ی/1، السمآبد۔)وعرت( 2.IV( No) السمآبدامڈلوکسل 221
ا       .                                 ا       .               ا ¸ .",73,48,2,0,,
179,"السمآبد۔)رتشمہک(،8/3-VI-X( F) السمآبدامڈلوکسلافروب ی 222
ا       .                             ا       .               ا ¸ .",309,43,21,11,,
180,"السمآبد۔)رمد(،8/3-VI-X( F) السمآبدامڈلوکسلافروب ی 223
ا       .                                ا       .               ا ¸ .",330,88,40,12,,
181,"السمآبد۔)وعرت(،8/3-VI-X( F) السمآبدامڈلوکسلافروب ی 224
ا       .                  ا       .             ا ¸ .",303,45,32,12,,
182,"السمآبد۔)رمد(،8/4-F السمآبدامڈلاکجلافروب ی 225
ا       .                     ا       .             ا ¸ .",212,50,33,9,,
183,السمآبد۔)وعرت(،8/4-F السمآبدامڈلاکجلافروب ی 226,182,31,18,2,,
184,االسمآب.د۔)وعرت(،8/1-F االسمآب.دامڈلاکجلافررگزل 228,260,35,12,6,,
185,االسمآب.د۔)رمد(،8/1-F االسمآب.دامڈلاکجلافررگزل 229,173,47,18,5,,
186,االسمآب.د۔)وعرت(،8/1-F االسمآب.دامڈلاکجلافررگزل 230,178,41,4,6,,
187,االسمآب.د۔)رمد(،8/1-F االسمآب.دامڈلاکجلافررگزل 231,208,69,32,11,,
188,"االسمآب.د۔)وعرت(،8/1-F االسمآب.دامڈلاکجلافررگزل 232
ا       .                     ا       .                      ل          ل",200,43,27,4,,
189,"السمآبد۔)رمد(،10/2 -F السمآبدامڈلاکجلافررگزل)وپسرگوجیی( 233
ا       .                        ا       .                      ل          ل",228,49,24,14,,
190,"السمآبد۔)وعرت(،10/2 -F السمآبدامڈلاکجلافررگزل)وپسرگوجیی( 234
ا       .                     ا       .                      ل          ل",226,32,12,3,,
191,"السمآبد۔)رمد(،10/2 -F السمآبدامڈلاکجلافررگزل)وپسرگوجیی( 235
ا       .                        ا       .                      ل          ل",193,54,25,5,,
192,"السمآبد۔)وعرت(،10/2 -F السمآبدامڈلاکجلافررگزل)وپسرگوجیی( 236
ا       .                    ا       .             ا ¸ .",203,40,203,6,,
193,"السمآبد۔)رمد(،10/3-F السمآبدامڈلاکجلافروب ی 237
ا       .                       ا       .             ا ¸ .",320,70,36,10,,
194,"السمآبد۔)وعرت(،10/3-F السمآبدامڈلاکجلافروب ی 238
ا       .                    ا       .                                 ل          ل",310,54,18,2,,
195,"السمآبد۔)رمد(،10/3-F السمآبدامڈلاکجلآفاکرمسافررگزل)وپسرگوجیی( 239
ا       .                       ا       .                                 ل          ل",189,55,20,8,,
196,السمآبد۔)وعرت(،10/3-F السمآبدامڈلاکجلآفاکرمسافررگزل)وپسرگوجیی( 240,138,30,7,3,,
197,االسمآب.د۔)رمد(،10/1-IV( F) االسمآب.دامڈلوکسل 241,250,62,58,5,,
198,االسمآب.د۔)وعرت(،10/1-IV( F) االسمآب.دامڈلوکسل 242,260,50,40,1,,
199,"االسمآب.د۔)رتشمہک(،10/1-IV( F) االسمآب.دامڈلوکسل 243
¸ .",227,29,29,5,,
200,"االسمآب.د۔)رمد(،10/4-F االسمآب.دامڈلاکجلافروبای 244
¸ .",227,59,32,7,,
201,االسمآب.د۔)وعرت(،10/4-F االسمآب.دامڈلاکجلافروبای 245,258,35,18,4,,
202,االسمآب.د۔)رمد(،9/2-G،ربمن4 (IV) االسمآب.دامڈلوکسل 246,271,142,39,44,,
203,االسمآب.د۔)وعرت(،9/2-G،ربمن4 (IV) االسمآب.دامڈلوکسل 247,230,73,99,19,,
204,االسمآب.د۔)رمد(،9/2-G،ربمن4 (IV) االسمآب.دامڈلوکسل 248,264,104,40,28,,
205,االسمآب.د۔)وعرت(،9/2-G،ربمن4 (IV) االسمآب.دامڈلوکسل 249,200,57,31,17,,
206,االسمآب.د۔)رمد(،9/2-G،االسمآب.دامڈلاکجلافررگزل 250,218,96,37,37,,
207,االسمآب.د۔)وعرت(،9/2-G،االسمآب.دامڈلاکجلافررگزل 251,151,66,21,20,,
208,االسمآب.د۔)رمد(،9/2-G،(IV) االسمآب.دامڈلوکسلربمن1 252,242,109,27,19,,
209,االسمآب.د۔)وعرت(،9/2-G،(IV) االسمآب.دامڈلوکسلربمن1 253,161,66,9,7,,
210,االسمآب.د۔)رمد(،9/2-G،االسمآب.دامڈلاکجلافررگزل 254,419,151,68,38,,
211,االسمآب.د۔)وعرت(،9/2-G،االسمآب.دامڈلاکجلافررگزل 255,331,109,37,24,,
212,االسمآب.د۔)رمد(،9/2-IV( G) االسمآب.دامڈلوکسلربمن1 256,308,155,36,32,,
213,االسمآب.د۔)وعرت(،9/2-IV( G) االسمآب.دامڈلوکسلربمن1 257,252,85,49,10,,
214,االسمآب.د۔)رمد(،9/3-VI-X( G) االسمآب.دامڈلوکسلافررگزل 258,311,85,95,5,,
215,االسمآب.د۔)رمد(،9/3-IV( St # 68 G) االسمآب.دامڈلوکسل 260,369,123,66,15,,
216,االسمآب.د۔)وعرت(،9/3-IV( St # 68 G) االسمآب.دامڈلوکسل 261,387,75,0,19,,
217,االسمآب.د۔)رتشمہک(،9/3-VI-X( G) ا  .السمآب.دامڈلوکسلافررگزل 2 ¸26,315,137,46,32,,
218,"االسمآب.د۔)رمد(،9/4-VI-XII( G) دعبننیسحدیہشامڈلاکجلافروبای 263
.                          ¸ .",278,120,74,9,,
219,االسمآب.د۔)وعرت(،9/4-VI-XII( G) دعبننیسحدیہشامڈلاکجلافروبای 264,287,83,62,5,,
220,االسمآب.د۔)رمد(،9/4-G ربمن1 (IV) االسمآب.دامڈلوکسل 265,244,135,58,8,,
221,االسمآب.د۔)وعرت(،9/4-G ربمن1 (IV) االسمآب.دامڈلوکسل 266,233,78,38,2,,
222,االسمآب.د۔)رمد(،9/4-IV( No.2 G) االسمآب.دامڈلوکسل 267,379,170,65,13,,
223,االسمآب.د۔)وعرت(،9/4-IV( No.2 G) االسمآب.دامڈلوکسل 268,394,111,60,8,,
224,االسمآب.د۔)رمد(،9/4-VI-X( G) االسمآب.دامڈلوکسلافررگزل 269,254,130,60,6,,
225,"االسمآب.د۔)وعرت(،9/4-VI-X( G) االسمآب.دامڈلوکسلافررگزل 270
                           ¸ .",258,91,44,5,,
226,"االسمآب.د۔)رمد(،9/1-G،(VI-X) ب   .قینغدیہشامڈلوکسلافروبای 273
¸                             ¸ .",316,114,55,13,,
227,االسمآب.د۔)وعرت(،9/1-G،(VI-X) ب   .قینغدیہشامڈلوکسلافروبای 274,340,76,11,11,,
228,االسمآب.د۔)رمد(،9/1-I-X( G) االسمآب.دامڈلوکسلافررگزل 275,175,38,13,8,,
229,االسمآب.د۔)وعرت(،9/1-I-X( G) االسمآب.دامڈلوکسلافررگزل 276,194,20,9,9,,
230,االسمآب.د۔)رمد(،9/1-I-X( G) االسمآب.دامڈلوکسلافررگزل 277,182,68,25,2,,
231,االسمآب.د۔)وعرت(،9/1-I-X( G) االسمآب.دامڈلوکسلافررگزل 278,186,55,22,1,,
232,االسمآب.د۔)رمد(،9/2-G،(IV) االسمآب.دامڈلوکسلربمن3 279,220,79,16,15,,
233,االسمآب.د۔)رمد(،9/2-IV( G) االسمآب.دامڈلوکسلربمن3 281,408,150,62,49,,
234,"االسمآب.د۔)وعرت(،9/2-G،(IV) االسمآب.دامڈلوکسلربمن3 282
¸ .",281,123,32,35,,
235,"االسمآب.د۔)رمد(،10/2-I،(VI-X) ذاشینادمحدیہشامڈلوکسلافروبای 285
¸ .",364,114,77,7,,
236,"االسمآب.د۔)وعرت(،10/2-I،(VI-X) ذاشینادمحدیہشامڈلوکسلافروبای 286
¸ .",382,78,50,2,,
237,"االسمآب.د۔)رمد(،10/2-VI-X( I) ذاشینادمحدیہشامڈلوکسلافروبای 287
¸ .",334,123,94,10,,
238,"االسمآب.د۔)وعرت(،10/2-VI-X( I) ذاشینادمحدیہشامڈلوکسلافروبای 288
¸ .",315,95,87,3,,
239,"االسمآب.د۔)رمد(،10/2-VI-X( I) ذاشینادمحدیہشامڈلوکسلافروبای 289
¸ .",171,63,63,7,,
240,االسمآب.د۔)وعرت(،10/2-VI-X( I) ذاشینادمحدیہشامڈلوکسلافروبای 290,166,46,36,1,,
241,االسمآب.د۔)رمد(،10/2-IV( I) االسمآب.دامڈلوکسل 291,238,102,0,0,,
242,االسمآب.د۔)وعرت(،10/2-IV( I) االسمآب.دامڈلوکسل 292,209,68,48,5,,
243,.یاچنوکسل)ارمقلامرٹیک(،االسمآب.د۔)رمد(،10/2-I رٹکیس،(IV) االسمآب.دامڈلوکسل 293,284,92,83,10,,
244,.یاچنوکسل)ارمقلامرٹیک(،االسمآب.د۔)وعرت(،10/2-I رٹکیس،(IV) االسمآب.دامڈلوکسل 294,253,64,50,5,,
245,االسمآب.د۔)رمد(،10/2-IV( I) االسمآب.دامڈلوکسل 295,215,88,57,9,,
246,االسمآب.د۔)وعرت(،10/2-IV( I) االسمآب.دامڈلوکسل 296,205,57,41,1,,
247,االسمآب.د۔)رتشمہک( 10/4-VI-X( I) االسمآب.دامڈلوکسلافررگزل 297,161,57,24,9,,
248,االسمآب.د۔)رمد( 10/4-VI-X( I) االسمآب.دامڈلوکسلافررگزل 298,283,125,49,8,,
249,االسمآب.د۔)وعرت( 10/4-VI-X( I) االسمآب.دامڈلوکسلافررگزل 299,284,86,39,9,,
250,")41ربمن(،االسمآب.د۔)رمد( 10/4-I-VIII( I) االسمآب.دامڈلوکسلافررگزل 300
ا       .                    ا       .                        ل",256,82,34,17,,
251,"السمآبد۔)رمد(،10/4 -I، السمآبدامڈلاکجلافررگزل،رٹسیربمن23 302
ا       .                       ا       .                        ل",318,142,58,15,,
252,"السمآبد۔)وعرت(،10/4 -I، السمآبدامڈلاکجلافررگزل،رٹسیربمن23 303
ا       .                    ا       .                        ل",341,113,45,9,,
253,"السمآبد۔)رمد(،10/4 -I، السمآبدامڈلاکجلافررگزل،رٹسیربمن23 304
ا       .                       ا       .                        ل",246,168,35,11,,
254,"السمآبد۔)وعرت(،10/4 -I، السمآبدامڈلاکجلافررگزل،رٹسیربمن23 305
ا       .                                              ا ¸ .        ل",262,123,34,12,,
255,"السمآبد۔)رمد(،10/1-I،زراغمرہظمدیہشامڈلاکجلافروب ی،رٹسیربمن17 306
ا       .                                                ا ¸ .        ل",254,113,65,3,,
256,السمآبد۔)وعرت(،10/1-I،زراغمرہظمدیہشامڈلاکجلافروب ی،رٹسیربمن17 307,224,61,49,2,,
257,االسمآب.د۔)رمد(،10/1 -I،ربمن1،یلگربمن15،(IV) االسمآب.دامڈلوکسل 308,215,76,45,12,,
258,االسمآب.د۔)وعرت(،10/1 -I،ربمن1،یلگربمن15،(IV) االسمآب.دامڈلوکسل 309,212,44,48,5,,
259,االسمآب.د۔)رمد(،10/1 -I،ربمن1،یلگربمن15،(IV) االسمآب.دامڈلوکسل 310,273,139,82,21,,
260,"االسمآب.د۔)وعرت(،10/1 -I،ربمن1،یلگربمن15،(IV) االسمآب.دامڈلوکسل 311
ا       .                    ا       .                        ل",277,96,68,5,,
261,"السمآبد۔)رمد(،10/4 -I، السمآبدامڈلاکجلافررگزل،رٹسیربمن23 312
ا       .                       ا       .                        ل",476,174,92,20,,
262,السمآبد۔)وعرت(،10/4 -I، السمآبدامڈلاکجلافررگزل،رٹسیربمن23 313,392,111,76,13,,
263,"االسمآب.د۔)رمد(،10/1 -I،االسمآب.دامڈلاکجلافروبا ¸ .ی،رٹس    لیربمن18 314
ا       .                       ا       .             ا ¸ .        ل",191,60,46,10,,
264,السمآبد۔)وعرت(،10/1 -I، السمآبدامڈلاکجلافروب ی،رٹسیربمن18 315,211,43,44,1,,
265,االسمآب.د۔)رمد(،10/1-I،ربمن2،یلگربمن58اور59،(IV) االسمآب.دامڈلوکسل 316,178,85,45,9,,
266,االسمآب.د۔)وعرت(،10/1-I،ربمن2،یلگربمن58اور59،(IV) االسمآب.دامڈلوکسل 317,146,55,48,5,,
267,االسمآب.د۔)رمد(،10/1-I،ربمن2،یلگربمن58اور59،(IV) االسمآب.دامڈلوکسل 318,253,65,45,29,,
268,االسمآب.د۔)وعرت(،10/1-I،ربمن2،یلگربمن58اور59،(IV) االسمآب.دامڈلوکسل 319,186,52,60,12,,
269,االسمآب.د۔)رمد(،10/2-G االسمآب.دامڈلاکجلافررگزل 322,209,60,35,20,,
270,االسمآب.د۔)وعرت(،10/2-G االسمآب.دامڈلاکجلافررگزل 323,252,37,29,6,,
271,االسمآب.د۔)رمد(،10/3-IV( G) االسمآب.دامڈلوکسل 324,433,152,48,54,,
272,"االسمآب.د۔)وعرت(،10/3-IV( G) االسمآب.دامڈلوکسل 325
¸ .",336,113,40,21,,
273,"االسمآب.د۔)رمد(،10/3 -VI-X( G) امعراخندیہشامڈلوکسلافروبای 326
¸ .",279,179,60,60,,
274,االسمآب.د۔)وعرت(،10/3 -VI-X( G) امعراخندیہشامڈلوکسلافروبای 327,236,104,35,39,,
275,االسمآب.د۔)رمد(،10/3-I-X( G) االسمآب.دامڈلوکسلافررگزل 328,296,130,53,41,,
276,االسمآب.د۔)وعرت(،10/3-I-X( G) االسمآب.دامڈلوکسلافررگزل 329,256,71,39,30,,
277,االسمآب.د۔)رمد(،10/3-I-X( G) االسمآب.دامڈلوکسلافررگزل 330,381,104,74,13,,
278,"االسمآب.د۔)وعرت(،10/3-I-X( G) االسمآب.دامڈلوکسلافررگزل 331
ا       .                     ا       .                      ل          ل",389,98,65,3,,
279,"السمآبد۔)رمد(،10/4-G السمآبدامڈلاکجلافررگزل)وپسرگوجیی( 332
ا       .                       ا       .                      ل          ل",412,130,87,13,,
280,السمآبد۔)وعرت(،10/4-G السمآبدامڈلاکجلافررگزل)وپسرگوجیی( 333,417,97,55,11,,
281,االسمآب.د۔)رمد(،10/4-IV( G) االسمآب.دامڈلوکسل 334,352,159,100,16,,
282,"االسمآب.د۔)وعرت(،10/4-IV( G) االسمآب.دامڈلوکسل 335
ا       .                        ا       .                      ل          ل",339,92,71,9,,
283,السمآبد۔)رتشمہک(،10/4-G السمآبدامڈلاکجلافررگزل)وپسرگوجیی( 336,316,96,46,3,,
284,االسمآب.د۔)رمد(،10/1-VI-X( G)االسمآب.دامڈلوکسلافررگزل 337,427,157,103,14,,
285,االسمآب.د۔)وعرت(،10/1-VI-X( G)االسمآب.دامڈلوکسلافررگزل 338,471,99,98,2,,
286,االسمآب.د۔)رمد(،10/1-VI-X( G) االسمآب.دامڈلوکسلافررگزل 339,358,157,112,16,,
287,االسمآب.د۔)وعرت(،10/1-VI-X( G) االسمآب.دامڈلوکسلافررگزل 340,320,109,85,10,,
288,االسمآب.د۔)رمد(،10/1-G،(IV) االسمآب.دامڈلوکسل 341,222,78,63,3,,
289,"االسمآب.د۔)وعرت(،10/1-G،(IV) االسمآب.دامڈلوکسل 342
¸ .",263,66,54,6,,
290,"االسمآب.د۔)رمد(،11/2-G،(VI-X) وافصیلعدیہشامڈلوکسل،افروبای 5
¸ .",259,102,42,13,,
291,"االسمآب.د۔)وعرت(،11/2-G،(VI-X) وافصیلعدیہشامڈلوکسل،افروبای 6
¸ .",234,77,50,11,,
292,"االسمآب.د۔)رمد(،11/2-G،(VI-X)وافصیلعدیہشامڈلوکسل،افروبای 7
¸ .",238,88,39,10,,
293,"االسمآب.د۔)وعرت(،11/2-G،(VI-X)وافصیلعدیہشامڈلوکسل،افروبای 8
¸ .",217,64,23,4,,
294,االسمآب.د۔)رتشمہک(،11/2-G،(VI-X)وافصیلعدیہشامڈلوکسل،افروبای 9,121,60,16,4,,
295,االسمآب.د۔)رمد(،11/3-G االسمآب.داکجلآفآرسٹاڈنیاسزسنئ)آیئیساےاسی( یلگربمن98،رٹکیس 10,236,87,29,12,,
296,االسمآب.د۔)وعرت(،11/3-G دلخوہیناہیئوکسل،الپٹربمن2-اسی،یلگربمن94،رٹکیس 11,239,64,28,5,,
297,االسمآب.د۔)رمد(،11/3-G االسمآب.داکجلآفآرسٹاڈنیاسزسنئ)آیئیساےاسی( یلگربمن98،رٹکیس 12,183,47,42,5,,
298,"االسمآب.د۔)وعر .  ت(،11/3-G دلخوہیناہیئوکسل،الپٹ لربمن2-اسی،یلگربمن94،رٹکیس 13
ا   ا   ا      ن.  ٹی س    ا                سک   ا",1,0,27,0,,
299,"سی لی سیوم    وری ڈنیوکسلالپٹربمن  س سیرٹسیربمن118-124یج-11/4 )رمد( 24
ا   ا   ا      نٹی س    ا                سک   ا          ل",337,136,51,22,,
300,سی لی سیوم    وری ڈنیوکسلالپٹربمن  س سیرٹسیربمن118-124یج-11/4 )وعرت( 25,286,138,47,21,,
301,االسمآب.د۔)رمد(،11/1-I زلیاڈنیزٹسی،اچیربمن۔237-یس،رٹکیس 26,101,34,0,0,,
302,االسمآب.د۔)وعرت(،11/1-I زلیاڈنیزٹسی،اچیربمن237-یس ¸رٹکیس 27,33,17,1,15,,
303,"آیئیجیپروڈ،االسمآب.د۔)رتشمہک(،11/4-I آسفآفدیڈیٹپڈایرٹکیوفڈرٹکیس 28
ا       .                            لا                 ا   ا",416,134,55,18,,
304,السمآبد۔)رتشمہک(،11/4-H رن وکاہیئوکسل)آیئ سی سییسسپمیک(،اکمنربمن23،رٹکیس 29,121,39,13,26,,
305,دیویسیوکسلمٹسساچی-13،االسمآب.د۔)رمد( 31,188,77,61,10,,
306,دیویسیوکسلمٹسساچی-13،االسمآب.د۔)وعرت( 32,115,38,41,9,,
307,دیویسیوکسلمٹسساچی-13،االسمآب.د۔)رتشمہک( 33,314,118,51,14,,
308,اچیاسیولگ .ٹرگوپآفوکسزل،اچی-13،االسمآب.د۔)رمد( 34,391,179,65,19,,
309,"اچیاسیولگ .ٹرگوپآفوکسزل،اچی-13،االسمآب.د۔)وعرت( 35
ا       .                                            ا                            ا       ¸        . . ا",268,123,37,6,,
310,"السمآبد۔)رمد(،12-G کنلروڈ،رٹکیس 13-G،انجح رٹنلنشینکلبپوکسل)ےجآیئیپ سی(،امیہرفعج،ید اصنرامرٹیک 39
ا       .                                               ا                            ا       ¸        . . ا",87,174,15,4,,
311,"السمآبد۔)وعرت(،12-G کنلروڈ،رٹکیس 13-G،انجح رٹنلنشینکلبپوکسل)ےجآیئیپ سی(،امیہرفعج،ید اصنرامرٹیک 40
.ھٹ.گ    ا   ا       .",67,142,9,1,,
312,"یبولیوکسلمٹسس،ڈوھکایلمر،    یدیس ں، السمآبد)رمد( 66
.ھٹ.گ    ا   ا       .",215,169,98,7,,
313,"یبولیوکسلمٹسس،ڈوھکایلمر،    یدیس ں، السمآبد)وعرت( 67
ا       .                       ا               ا                .",140,118,66,9,,
314,"السمآبد۔)رمد(،14/3-I راف۰ رٹنلنشینویوینریٹس فیالبکق یاحیجپمیک،رٹکیس 84
ا       .                          ا               ا                .",234,132,34,13,,
315,"السمآبد۔)وعرت(،14/3-I راف۰ رٹنلنشینویوینریٹس فیالبکق یاحیجپمیک،رٹکیس 85
سٹ کھپ        ا       .                 ا       .               ا ¸ .",196,85,25,10,,
316,"ورونن، السمآبد۔)رمد( (I-V) السمآبدامڈلوکسلافروب ی 87
سٹ کھپ        ا       .                   ا       .               ا ¸ .",134,182,13,59,,
317,"ورونن، السمآبد۔)وعرت( (I-V) السمآبدامڈلوکسلافروب ی 88
ا ¸ .        ا       .",117,175,5,40,,
318,"نینسحرشفیدیہشامڈلاکجلافروب ی،یونل، السمآبد۔)وعرت( 105
ا       .                           ا           . .        ا       .",408,150,0,0,,
319,"یسوکسل، السمآبد،اکمنربمن89یلگربمن7،البک ےیٹلماگرڈییب-17، السمآبد۔)رمد( 139
ا       .                           ا           . .        ا       .",396,134,86,10,,
320,"یسوکسل، السمآبد،اکمنربمن89یلگربمن7،البک ےیٹلماگرڈییب-17، السمآبد۔)وعرت( 140
¸  ا            س .ٹگ ل     ا       .",378,81,51,5,,
321,ریکریئکلبپوکسل)رگزلسپمیک( نیمشہ ہللدہتروڈ،ڈنپ   ڑبل، السمآبد)رتشمہک( 151,212,151,36,32,,
322,سپمیک،االسمآب.د)رمد( 11/4-E،االڈیئوکسل 178,291,102,31,13,,
323,سپمیک،االسمآب.د)وعرت( 11/4-E،االڈیئوکسل 179,313,72,18,8,,
324,"نیمڈ .ٹروڈ،االسمآب.د)رمد(،11/4-E،دارارمقوکسزل 180
. ل     ا       .                                  ل ل        .          ا                          ا          .",418,104,51,5,,
325,لنشینوپسیلافؤننشی، السمآبد۔)وعرت(،11/3-E زگنکوکسل،نرلاہؤسیشٹرنرسی ڈنیڈےرئیکاہؤسربمن679- ے،نیمڈٹروڈ،رٹکیس 181,426,57,37,7,,
326,(وعرت) 11/1-VI-X( F) االسمآب.دامڈلوکسلافررگزل 194,204,69,15,21,,
327,دبہیاقدرشخب)وعرت( (I-X) االسمآب.دامڈلوکسلافررگزل 196,214,95,8,25,,
328,ہنیکسریہظاوجینشیکرٹنس،وگڑلہرولیےنشیٹس،االسمآب.د۔)وعرت( 205,171,144,18,100,,
329,افررگزل،درھ  یوم ہی،االسمآب.د۔)رتشمہک( (I-VIII) االسمآب.دامڈلوکسل 206,214,200,4,59,,
330,افررگزل،درھ  یوم ہی،االسمآب.د۔)رمد( (I-VIII) االسمآب.دامڈلوکسل 207,247,216,15,57,,
331,افررگزل،درھ  یوم ہی،االسمآب.د۔)وعرت( (I-VIII) االسمآب.دامڈلوکسل 208,191,160,18,60,,
332,االسمآب.د)رمد( 8/1-F االسمآب.دامڈلاکجلافررگزل 227,265,69,24,8,,
333,"(رمد) 9/3-VI-X( G) االسمآب.دامڈلوکسلافررگزل 259
ا       .                            ل                ا       .",348,52,67,7,,
334,"السمآبد۔)رمد( 9/1-G رٹسی# 27 (IV) السمآبدامڈلوکسل 271
ا       .                               ل                ا       .",395,129,51,15,,
335,السمآبد۔)وعرت( 9/1-G رٹسی# 27 (IV) السمآبدامڈلوکسل 272,431,88,45,5,,
336,"االسمآب.د۔)وعرت(،9/2-IV( G) االسمآب.دامڈلوکسلربمن3 280
ا       .                                    ل                 ا       .",145,63,14,10,,
337,"السمآبد۔)رمد( 9/2-G ربمن.2 رٹسیربمن-17 (IV) السمآبدامڈلوکسل 283
ا       .                                       ل                 ا       .",274,132,34,56,,
338,السمآبد۔)وعرت( 9/2-G ربمن.2 رٹسیربمن-17 (IV) السمآبدامڈلوکسل 284,157,93,17,43,,
339,)41ربمن(،االسمآب.د.. )وعرت( 10/4-I-VIII( I) االسمآب.دامڈلوکسلافررگزل 301,269,60,43,9,,
340,االسمآب.د۔)رمد(،10/2-G ربمن-1 (IV) االسمآب.دامڈلوکسل 320,375,103,73,6,,
341,االسمآب.د۔)وعرت(،10/2-G ربمن-1 (IV) االسمآب.دامڈلوکسل 321,345,76,59,8,,
342,االسمآب.دل۔)وعرت(،11/2-I-X( G) االسمآب.دامڈلوکسلافررگزل 4,233,56,38,7,,
