No,Name,IND,PPP,TLP,PML-N,IND-PTI,Total Votes,Filename
1,Polling Station No. 1,39,23,71,176,326,,
2,Polling Station No. 2,25,48,25,133,215,,
3,Polling Station No. 3,21,11,39,109,273,,
4,Polling Station No. 4,15,17,17,85,179,,
5,Polling Station No. 5,63,29,39,144,221,,
6,Polling Station No. 6,73,37,43,126,144,,
7,Polling Station No. 7,105,6,271,223,144,,
8,Polling Station No. 8,2,53,31,168,170,,
9,Polling Station No. 9,2,15,51,192,230,,
10,Polling Station No. 10,72,10,317,116,386,,
11,Polling Station No. 11,28,5,58,130,284,,
12,Polling Station No. 12,10,18,109,371,307,,
13,Polling Station No. 13,15,5,25,57,431,,
14,Polling Station No. 14,29,73,13,339,463,,
15,Polling Station No. 15,14,95,5,237,338,,
16,Polling Station No. 16,44,7,41,190,615,,
17,Polling Station No. 17,31,24,25,101,489,,
18,Polling Station No. 18,49,65,121,86,268,,
19,Polling Station No. 19,6,13,140,69,418,,
20,Polling Station No. 20,13,24,160,55,316,,
21,Polling Station No. 21,30,20,202,183,355,,
22,Polling Station No. 22,37,8,71,139,184,,
23,Polling Station No. 23,6,8,46,262,255,,
24,Polling Station No. 24,11,4,60,113,283,,
25,Polling Station No. 25,9,12,38,108,176,,
26,Polling Station No. 26,19,9,330,179,602,,
27,Polling Station No. 27,24,30,198,162,385,,
28,Polling Station No. 28,12,24,350,64,225,,
29,Polling Station No. 29,25,54,180,48,117,,
30,Polling Station No. 30,29,15,76,133,253,,
31,Polling Station No. 31,56,27,42,115,146,,
32,Polling Station No. 32,16,13,69,208,349,,
33,Polling Station No. 33,35,26,50,130,190,,
34,Polling Station No. 34,36,9,51,169,431,,
35,Polling Station No. 35,41,31,37,126,215,,
36,Polling Station No. 36,7,55,253,176,270,,
37,Polling Station No. 37,10,45,200,151,189,,
38,Polling Station No. 38,169,107,82,266,362,,
39,Polling Station No. 39,27,166,322,191,166,,
40,Polling Station No. 40,103,30,388,190,200,,
41,Polling Station No. 41,74,22,171,130,192,,
42,Polling Station No. 42,53,12,254,184,235,,
43,Polling Station No. 43,86,57,159,148,382,,
44,Polling Station No. 44,71,56,94,123,268,,
45,Polling Station No. 45,60,24,145,158,302,,
46,Polling Station No. 46,62,41,79,99,216,,
47,Polling Station No. 47,10,8,33,11,78,,
48,Polling Station No. 48,49,151,53,137,129,,
49,Polling Station No. 49,89,84,102,108,217,,
50,Polling Station No. 50,155,145,169,252,251,,
51,Polling Station No. 51,142,118,183,185,220,,
52,Polling Station No. 52,71,95,126,215,488,,
53,Polling Station No. 53,18,41,167,392,443,,
55,Polling Station No. 55,80,22,10,148,389,,
56,Polling Station No. 56,17,27,2,147,276,,
57,Polling Station No. 57,125,10,16,189,452,,
58,Polling Station No. 58,146,29,11,153,300,,
63,Polling Station No. 63,37,44,83,201,470,,
64,Polling Station No. 64,23,26,116,236,598,,
65,Polling Station No. 65,1,0,7,251,161,,
67,Polling Station No. 67,13,31,19,324,385,,
68,Polling Station No. 68,3,3,128,158,240,,
69,Polling Station No. 69,8,4,128,118,205,,
70,Polling Station No. 70,55,31,117,241,546,,
71,Polling Station No. 71,10,35,27,292,298,,
72,Polling Station No. 72,24,34,8,257,288,,
73,Polling Station No. 73,9,12,46,288,366,,
74,Polling Station No. 74,12,26,39,275,310,,
75,Polling Station No. 75,8,24,82,127,416,,
76,Polling Station No. 76,23,73,62,243,642,,
77,Polling Station No. 77,29,69,35,217,504,,
78,Polling Station No. 78,22,58,53,202,311,,
79,Polling Station No. 79,18,62,22,132,251,,
80,Polling Station No. 80,43,115,31,179,247,,
81,Polling Station No. 81,2,29,201,50,160,,
82,Polling Station No. 82,37,9,22,254,588,,
83,Polling Station No. 83,24,4,10,114,212,,
84,Polling Station No. 84,19,1,4,121,317,,
85,Polling Station No. 85,44,6,28,183,249,,
88,Polling Station No. 88,20,5,61,299,402,,
89,Polling Station No. 89,32,12,123,436,477,,
90,Polling Station No. 90,18,29,101,448,387,,
91,Polling Station No. 91,21,25,266,261,640,,
92,Polling Station No. 92,36,26,221,193,448,,
93,Polling Station No. 93,8,10,116,203,453,,
94,Polling Station No. 94,19,26,77,164,281,,
95,Polling Station No. 95,17,6,126,202,338,,
96,Polling Station No. 96,11,15,58,165,265,,
97,Polling Station No. 97,21,7,129,165,380,,
98,Polling Station No. 98,28,18,62,87,205,,
99,Polling Station No. 99,5,5,94,163,235,,
100,Polling Station No. 100,8,17,52,134,196,,
101,Polling Station No. 101,107,11,33,264,145,,
102,Polling Station No. 102,2,5,15,118,275,,
103,Polling Station No. 103,2,1,5,74,181,,
104,Polling Station No. 104,1,4,4,52,140,,
105,Polling Station No. 105,8,10,70,173,476,,
106,Polling Station No. 106,4,10,38,101,331,,
107,Polling Station No. 107,5,2,27,92,308,,
109,Polling Station No. 109,7,7,26,118,373,,
110,Polling Station No. 110,8,3,13,51,264,,
111,Polling Station No. 111,18,7,42,157,427,,
112,Polling Station No. 112,13,7,26,107,328,,
113,Polling Station No. 113,8,6,41,189,506,,
114,Polling Station No. 114,12,8,41,112,380,,
115,Polling Station No. 115,7,4,79,149,485,,
116,Polling Station No. 116,11,7,57,136,407,,
117,Polling Station No. 117,8,9,32,182,434,,
118,Polling Station No. 118,6,17,24,116,309,,
119,Polling Station No. 119,10,9,34,165,403,,
120,Polling Station No. 120,11,2,19,133,309,,
121,Polling Station No. 121,5,8,58,200,389,,
122,Polling Station No. 122,7,6,36,147,292,,
123,Polling Station No. 123,24,8,75,175,564,,
124,Polling Station No. 124,7,7,47,215,487,,
125,Polling Station No. 125,2,6,20,172,360,,
126,Polling Station No. 126,3,4,15,112,176,,
128,Polling Station No. 128,8,6,29,213,357,,
130,Polling Station No. 130,5,6,33,168,337,,
131,Polling Station No. 131,9,5,15,151,289,,
132,Polling Station No. 132,5,6,39,117,334,,
133,Polling Station No. 133,5,8,24,77,330,,
134,Polling Station No. 134,1,3,52,60,222,,
135,Polling Station No. 135,1,4,37,50,198,,
136,Polling Station No. 136,14,16,85,111,490,,
137,Polling Station No. 137,12,18,146,189,546,,
138,Polling Station No. 138,7,98,83,189,324,,
139,Polling Station No. 139,12,10,76,152,243,,
140,Polling Station No. 140,4,12,145,142,400,,
141,Polling Station No. 141,3,10,124,121,368,,
143,Polling Station No. 143,7,14,25,117,305,,
145,Polling Station No. 145,13,12,60,152,299,,
146,Polling Station No. 146,15,18,101,193,529,,
147,Polling Station No. 147,16,10,176,156,568,,
148,Polling Station No. 148,24,17,123,136,369,,
149,Polling Station No. 149,15,8,95,81,324,,
150,Polling Station No. 150,17,14,67,60,259,,
151,Polling Station No. 151,37,14,264,187,493,,
152,Polling Station No. 152,44,14,151,108,348,,
153,Polling Station No. 153,16,9,100,101,324,,
154,Polling Station No. 154,25,11,82,77,269,,
155,Polling Station No. 155,14,14,114,148,447,,
156,Polling Station No. 156,8,16,52,121,362,,
157,Polling Station No. 157,6,11,66,94,249,,
158,Polling Station No. 158,8,4,34,70,217,,
159,Polling Station No. 159,9,10,100,53,269,,
160,Polling Station No. 160,5,10,62,42,179,,
161,Polling Station No. 161,36,11,244,217,372,,
162,Polling Station No. 162,69,13,135,198,247,,
163,Polling Station No. 163,0,0,0,0,523,,
164,Polling Station No. 164,24,37,137,129,375,,
165,Polling Station No. 165,18,17,77,202,456,,
166,Polling Station No. 166,9,11,35,164,466,,
167,Polling Station No. 167,30,25,52,306,490,,
168,Polling Station No. 168,16,31,28,260,400,,
169,Polling Station No. 169,2,19,8,149,467,,
170,Polling Station No. 170,12,19,6,105,545,,
171,Polling Station No. 171,4,13,11,93,123,,
172,Polling Station No. 172,5,10,5,58,110,,
173,Polling Station No. 173,4,9,74,116,269,,
174,Polling Station No. 174,1,23,79,96,242,,
175,Polling Station No. 175,3,17,36,66,173,,
176,Polling Station No. 176,3,42,160,102,405,,
178,Polling Station No. 178,4,5,12,168,276,,
179,Polling Station No. 179,1,4,6,93,188,,
180,Polling Station No. 180,3,1,11,89,119,,
182,Polling Station No. 182,2,4,8,47,60,,
183,Polling Station No. 183,2,4,20,117,128,,
184,Polling Station No. 184,95,4,432,125,191,,
185,Polling Station No. 185,78,13,310,91,128,,
186,Polling Station No. 186,3,1,53,75,136,,
187,Polling Station No. 187,4,1,35,37,106,,
188,Polling Station No. 188,4,8,50,126,234,,
189,Polling Station No. 189,8,12,98,220,431,,
190,Polling Station No. 190,3,5,80,178,243,,
191,Polling Station No. 191,73,1,74,288,344,,
192,Polling Station No. 192,20,6,36,145,227,,
194,Polling Station No. 194,15,6,115,197,530,,
195,Polling Station No. 195,20,19,45,124,361,,
196,Polling Station No. 196,7,8,46,165,319,,
197,Polling Station No. 197,63,10,74,336,485,,
198,Polling Station No. 198,16,12,11,96,210,,
199,Polling Station No. 199,45,7,35,257,446,,
200,Polling Station No. 200,14,5,15,169,200,,
201,Polling Station No. 201,15,6,48,239,297,,
202,Polling Station No. 202,35,14,15,154,297,,
203,Polling Station No. 203,14,5,15,169,200,,
204,Polling Station No. 204,32,11,131,289,566,,
205,Polling Station No. 205,18,17,40,179,302,,
206,Polling Station No. 206,5,4,42,43,110,,
207,Polling Station No. 207,1,2,19,38,70,,
208,Polling Station No. 208,15,7,104,141,371,,
210,Polling Station No. 210,1,2,42,248,138,,
211,Polling Station No. 211,2,1,17,133,64,,
212,Polling Station No. 212,9,7,51,88,164,,
213,Polling Station No. 213,45,9,18,105,341,,
215,Polling Station No. 215,18,5,2,49,109,,
216,Polling Station No. 216,13,6,3,90,173,,
217,Polling Station No. 217,5,1,0,27,115,,
218,Polling Station No. 218,33,4,14,122,258,,
219,Polling Station No. 219,75,1,8,83,171,,
220,Polling Station No. 220,31,1,3,14,88,,
221,Polling Station No. 221,64,4,12,122,260,,
222,Polling Station No. 222,24,4,3,33,83,,
223,Polling Station No. 223,32,8,6,103,267,,
225,Polling Station No. 225,27,0,14,234,433,,
227,Polling Station No. 227,294,5,91,280,190,,
228,Polling Station No. 228,207,11,68,224,198,,
229,Polling Station No. 229,208,1,46,111,100,,
230,Polling Station No. 230,140,10,29,78,96,,
231,Polling Station No. 231,22,2,5,229,293,,
232,Polling Station No. 232,14,8,3,168,195,,
233,Polling Station No. 233,10,3,10,285,330,,
234,Polling Station No. 234,13,4,7,203,229,,
235,Polling Station No. 235,16,0,3,220,228,,
236,Polling Station No. 236,12,6,4,156,156,,
237,Polling Station No. 237,18,2,15,213,345,,
238,Polling Station No. 238,11,2,11,173,274,,
239,Polling Station No. 239,14,1,11,146,194,,
240,Polling Station No. 240,13,4,10,111,151,,
241,Polling Station No. 241,18,2,21,149,310,,
242,Polling Station No. 242,7,4,26,282,479,,
243,Polling Station No. 243,32,19,33,453,227,,
244,Polling Station No. 244,25,10,8,356,424,,
245,Polling Station No. 245,13,8,93,403,327,,
246,Polling Station No. 246,47,4,18,343,427,,
247,Polling Station No. 247,40,7,205,229,181,,
249,Polling Station No. 249,1,8,95,224,285,,
250,Polling Station No. 250,3,3,154,148,422,,
251,Polling Station No. 251,5,1,110,90,274,,
252,Polling Station No. 252,6,7,138,190,466,,
253,Polling Station No. 253,0,2,37,66,263,,
254,Polling Station No. 254,5,4,204,207,509,,
255,Polling Station No. 255,6,18,101,224,454,,
256,Polling Station No. 256,1,8,135,242,356,,
257,Polling Station No. 257,2,0,42,212,446,,
258,Polling Station No. 258,0,20,2,70,351,,
259,Polling Station No. 259,1,7,5,278,417,,
260,Polling Station No. 260,3,19,4,215,473,,
261,Polling Station No. 261,35,2,3,262,179,,
262,Polling Station No. 262,14,2,82,100,344,,
263,Polling Station No. 263,28,3,8,193,467,,
265,Polling Station No. 265,24,4,11,198,347,,
266,Polling Station No. 266,12,4,12,128,250,,
267,Polling Station No. 267,128,7,388,201,206,,
268,Polling Station No. 268,11,4,83,470,415,,
269,Polling Station No. 269,437,2,36,370,430,,
270,Polling Station No. 270,9,2,75,339,314,,
271,Polling Station No. 271,11,6,53,318,300,,
272,Polling Station No. 272,48,9,88,155,278,,
273,Polling Station No. 273,60,29,125,214,446,,
274,Polling Station No. 274,12,7,127,166,381,,
275,Polling Station No. 275,35,15,36,175,386,,
276,Polling Station No. 276,44,3,156,337,452,,
277,Polling Station No. 277,27,20,229,287,235,,
278,Polling Station No. 278,18,20,114,318,272,,
279,Polling Station No. 279,53,10,307,275,265,,
283,Polling Station No. 283,42,16,369,370,382,,
284,Polling Station No. 284,185,4,270,405,188,,
285,Polling Station No. 285,65,6,170,118,115,,
286,Polling Station No. 286,55,4,244,121,132,,
287,Polling Station No. 287,13,7,404,211,407,,
288,Polling Station No. 288,19,20,164,159,406,,
289,Polling Station No. 289,33,12,82,245,371,,
290,Polling Station No. 290,27,12,276,131,393,,
291,Polling Station No. 291,26,9,11,139,237,,
292,Polling Station No. 292,40,0,53,261,399,,
293,Polling Station No. 293,10,1,124,320,305,,
294,Polling Station No. 294,3,1,110,227,246,,
295,Polling Station No. 295,164,3,230,111,163,,
296,Polling Station No. 296,138,2,159,151,106,,
297,Polling Station No. 297,84,5,170,169,389,,
298,Polling Station No. 298,53,12,110,169,296,,
299,Polling Station No. 299,21,3,56,130,231,,
300,Polling Station No. 300,24,6,36,101,148,,
301,Polling Station No. 301,74,23,152,215,284,,
302,Polling Station No. 302,0,30,78,180,206,,
303,Polling Station No. 303,24,2,45,231,355,,
304,Polling Station No. 304,9,9,178,334,194,,
305,Polling Station No. 305,133,8,98,167,328,,
307,Polling Station No. 307,122,3,77,195,376,,
309,Polling Station No. 309,59,12,183,188,625,,
310,Polling Station No. 310,44,10,132,148,486,,
311,Polling Station No. 311,25,166,122,140,492,,
312,Polling Station No. 312,28,22,79,127,244,,
313,Polling Station No. 313,16,9,134,87,370,,
314,Polling Station No. 314,23,10,61,114,160,,
315,Polling Station No. 315,18,10,37,387,566,,
316,Polling Station No. 316,6,1,211,159,159,,
317,Polling Station No. 317,13,2,86,190,382,,
318,Polling Station No. 318,3,8,40,107,218,,
319,Polling Station No. 319,25,2,20,246,578,,
320,Polling Station No. 320,4,5,7,81,274,,
321,Polling Station No. 321,2,2,100,148,433,,
322,Polling Station No. 322,1,10,200,161,202,,
323,Polling Station No. 323,1,5,105,189,299,,
324,Polling Station No. 324,8,2,10,134,132,,
325,Polling Station No. 325,5,6,17,255,135,,
326,Polling Station No. 326,11,3,367,133,385,,
327,Polling Station No. 327,8,6,170,59,244,,
328,Polling Station No. 328,15,2,308,50,274,,
329,Polling Station No. 329,13,3,158,33,170,,
330,Polling Station No. 330,90,3,3,52,256,,
331,Polling Station No. 331,167,2,9,70,337,,
332,Polling Station No. 332,33,1,29,162,374,,
333,Polling Station No. 333,8,0,4,65,133,,
334,Polling Station No. 334,18,4,70,61,423,,
335,Polling Station No. 335,51,6,35,95,384,,
336,Polling Station No. 336,28,3,28,39,323,,
337,Polling Station No. 337,30,8,126,168,516,,
338,Polling Station No. 338,83,21,169,194,528,,
340,Polling Station No. 340,71,5,34,287,455,,
342,Polling Station No. 342,35,4,15,138,341,,
344,Polling Station No. 344,64,6,33,210,409,,
345,Polling Station No. 345,14,3,4,39,151,,
346,Polling Station No. 346,5,29,15,600,278,,
347,Polling Station No. 347,265,6,65,278,331,,
348,Polling Station No. 348,9,12,21,177,220,,
349,Polling Station No. 349,161,55,387,178,272,,
350,Polling Station No. 350,3,1,23,218,105,,
351,Polling Station No. 351,1,9,7,107,58,,
352,Polling Station No. 352,8,1,13,257,187,,
353,Polling Station No. 353,1,4,3,125,95,,
354,Polling Station No. 354,59,19,83,256,399,,
355,Polling Station No. 355,78,22,71,179,299,,
356,Polling Station No. 356,3,21,1,260,618,,
357,Polling Station No. 357,11,19,1,131,428,,
358,Polling Station No. 358,24,6,4,260,635,,
359,Polling Station No. 359,28,6,3,131,506,,
360,Polling Station No. 360,7,1,7,213,416,,
361,Polling Station No. 361,7,7,11,254,554,,
362,Polling Station No. 362,3,1,5,89,390,,
363,Polling Station No. 363,2,1,4,54,308,,
364,Polling Station No. 364,10,1,15,231,452,,
365,Polling Station No. 365,11,4,118,199,476,,
366,Polling Station No. 366,0,1,2,286,347,,
367,Polling Station No. 367,0,0,0,230,325,,
368,Polling Station No. 368,10,4,16,179,321,,
369,Polling Station No. 369,4,4,4,85,186,,
370,Polling Station No. 370,1,2,4,85,287,,
371,Polling Station No. 371,0,0,1,34,139,,
372,Polling Station No. 372,6,2,5,62,436,,
373,Polling Station No. 373,10,2,12,83,390,,
374,Polling Station No. 374,14,50,19,203,387,,
375,Polling Station No. 375,11,48,14,181,472,,
376,Polling Station No. 376,1,31,29,85,285,,
377,Polling Station No. 377,2,24,12,69,214,,
378,Polling Station No. 378,2,66,45,103,350,,
379,Polling Station No. 379,3,50,14,87,234,,
380,Polling Station No. 380,8,34,28,104,308,,
381,Polling Station No. 381,2,66,23,149,525,,
382,Polling Station No. 382,6,83,26,117,493,,
383,Polling Station No. 383,13,42,40,105,336,,
384,Polling Station No. 384,4,55,75,142,496,,
385,Polling Station No. 385,6,71,59,156,482,,
386,Polling Station No. 386,1,29,37,124,423,,
387,Polling Station No. 387,6,19,84,139,419,,
388,Polling Station No. 388,11,22,26,89,258,,
389,Polling Station No. 389,4,38,80,208,528,,
390,Polling Station No. 390,3,24,14,49,227,,
391,Polling Station No. 391,10,36,43,173,443,,
392,Polling Station No. 392,0,18,3,35,146,,
393,Polling Station No. 393,1,38,43,143,348,,
394,Polling Station No. 394,20,57,18,83,308,,
395,Polling Station No. 395,8,61,52,137,428,,
396,Polling Station No. 396,6,65,23,162,493,,
397,Polling Station No. 397,13,62,33,159,575,,
398,Polling Station No. 398,24,47,24,127,381,,
399,Polling Station No. 399,12,52,8,123,441,,
400,Polling Station No. 400,16,60,10,94,284,,
401,Polling Station No. 401,3,151,100,208,646,,
402,Polling Station No. 402,7,201,112,18,186,,
403,Polling Station No. 403,4,312,108,312,186,,
404,Polling Station No. 404,6,127,181,278,524,,
405,Polling Station No. 405,1,148,140,204,403,,
406,Polling Station No. 406,48,42,124,444,238,,
407,Polling Station No. 407,2,163,55,243,292,,
408,Polling Station No. 408,0,108,60,218,330,,
409,Polling Station No. 409,66,82,15,190,350,,
410,Polling Station No. 410,44,19,53,176,354,,
411,Polling Station No. 411,43,37,133,162,403,,
412,Polling Station No. 412,116,49,14,297,315,,
413,Polling Station No. 413,143,71,13,318,357,,
414,Polling Station No. 414,1,145,146,139,587,,
415,Polling Station No. 415,5,15,20,166,121,,
416,Polling Station No. 416,15,21,369,261,298,,
417,Polling Station No. 417,33,13,165,212,315,,
418,Polling Station No. 418,22,35,115,175,266,,
419,Polling Station No. 419,0,65,218,175,333,,
420,Polling Station No. 420,3,24,366,131,189,,
421,Polling Station No. 421,1,29,80,100,347,,
422,Polling Station No. 422,0,48,25,162,269,,
423,Polling Station No. 423,53,21,189,156,203,,
424,Polling Station No. 424,29,6,30,73,125,,
425,Polling Station No. 425,1,13,189,179,485,,
426,Polling Station No. 426,0,28,142,189,413,,
427,Polling Station No. 427,1,17,147,366,385,,
428,Polling Station No. 428,0,18,35,245,370,,
429,Polling Station No. 429,14,8,35,189,295,,
430,Polling Station No. 430,6,136,50,367,312,,
431,Polling Station No. 431,4,27,24,470,249,,
432,Polling Station No. 432,1,33,45,340,229,,
433,Polling Station No. 433,0,4,257,305,195,,
434,Polling Station No. 434,0,3,250,256,124,,
435,Polling Station No. 435,2,46,251,235,344,,
436,Polling Station No. 436,0,9,31,122,126,,
437,Polling Station No. 437,1,46,141,374,487,,
438,Polling Station No. 438,6,26,134,270,362,,
439,Polling Station No. 439,14,24,68,200,348,,
440,Polling Station No. 440,6,32,36,140,274,,
441,Polling Station No. 441,0,3,35,33,413,,
442,Polling Station No. 442,1,108,19,305,272,,
443,Polling Station No. 443,1,54,6,262,281,,
444,Polling Station No. 444,1,4,167,201,127,,
445,Polling Station No. 445,1,91,291,266,404,,
446,Polling Station No. 446,0,66,188,107,281,,
447,Polling Station No. 447,2,56,201,144,492,,
448,Polling Station No. 448,2,53,107,107,386,,
449,Polling Station No. 449,2,63,107,273,505,,
450,Polling Station No. 450,0,71,53,233,405,,
451,Polling Station No. 451,1,49,193,246,339,,
452,Polling Station No. 452,0,12,27,125,234,,
453,Polling Station No. 453,0,28,53,164,174,,
454,Polling Station No. 454,0,46,107,218,450,,
455,Polling Station No. 455,0,54,61,123,313,,
456,Polling Station No. 456,2,99,171,213,377,,
457,Polling Station No. 457,1,88,123,174,307,,
458,Polling Station No. 458,132,97,87,196,507,,
459,Polling Station No. 459,59,72,166,265,519,,
460,Polling Station No. 460,11,81,134,294,348,,
461,Polling Station No. 461,8,92,88,182,363,,
