No,Name,IND-PTI,PML-N,Total Votes,Filename
1,Directorate of Social Security 65 GT Road Shahdara Lahore (Male-I),351,202,,
2,"Oldage Employees benefit main G.T.Road, Kot Shahab Din Shahdara Lahore",245,138,,
3,"Directorate of Social Security 65 G.T. Road
Shahdara Lahore",255,125,,
4,"Directorate of Social Security 65 GT Road
Shahdara Lahore (Male-II)",297,187,,
5,"East School (Campus-I near wahla Almari) Bazar Kot Shahab ud Din Shahdara, Lahore (Male-I)",402,220,,
6,"Iqra Roza tul atfaal street no. 8, lajpat Road, Shahdara Lahore (Female-I)",200,145,,
7,"East School Chattaha Park, Lajpat Road, Lahore (Combined)",205,194,,
8,"East School (Campus-II) Bazar Kot Shahab ud Din Shahdara, Lahore (Male-II)",309,169,,
9,"East School Chattaha Park , Lajpat Road, Lahore (Male)",213,133,,
10,"East School Bazar Kot Shahab ud Din Shahdara, Lahore (Female)",258,163,,
11,"East School Chattaha Park, Lajpat Road, Lahore (Female)",104,116,,
12,"Adeel Central Model School, St. No. 4, Chatha Park, Shahdara",244,258,,
13,"Wisdom Land High School, Sui Gas Chowk Lajpat Road Shahdara",149,170,,
14,"Royal Educare the School, Lajpat Road, gulzar Colony, Shahdara, Lahore(Male)",340,223,,
15,"Paradise School, Islam Nagar Chowk, Bagh wali Gali, Shahdra, Lahore (Male-I)",254,186,,
16,"Royal Educare the School, Lajpat Road, Gulzar colony, Shahdara, Lahore((Female)",187,168,,
17,"Paradise School, Islam Nagar Chowk, Bagh wali Gali, Shahdra, Lahore (Female-I)",186,140,,
18,"Paradise School, Islam Nagar Chowk, Bagh wali Gali, Shahdra, Lahore (Male-II)",379,207,,
19,"Paradise School, Islam Nagar Chowk, Bagh wali Gali, Shahdra, Lahore (Female-II)",308,156,,
20,"Inspirer School (OLD MILLAT SCHOOL), Mustafa Street 34 Islamia Coloney Wandala Road, Shahdara Lahore",475,232,,
21,New Muslim Modle School Near Masjid Anayat Ghoshia Near Aziz Colony Shahdara Lahore,291,152,,
22,"Allied School, Aziz Coloney, Wandala Road, Shahdara Lahore",420,229,,
23,Quest Modle High School Sir Shahab Park Shahdara Lahore (Male),352,264,,
24,Quest Modle High School Sir Shahab Park Shahdara Lahore (Female),222,205,,
25,"CDG Boys High School, Islam Nagar, Shahdara, Lahore",388,238,,
26,"Iqra Roza tul atfaal street no. 8, lajpat Road, Shahdara Lahore (Female-II)",260,217,,
27,"Iqra Roza tul atfaal street no. 8, lajpat Road, Shahdara Lahore (Female-II)",146,66,,
28,"Star School Ravi Campus (OLD RAVI ACADEMY)St# 09, Lajpat Road Shahdra Lahore",240,165,,
29,"Star School Ravi Campus (OLD RAVI ACADEMY) St# 09, Lajpat Road Shahdra Lahore",166,112,,
30,"City District Govt. High School Boys, Islam Nagar Shahdara Lahore (Combined)",251,140,,
31,"City District Govt. High School Boys, Islam Nagar Shahdara Lahore (Male)",300,161,,
32,"CDG Girls Middle School, Islam Nagar Shahdara(PP 145/27) Female",196,115,,
33,"Nusrat Modle School wandala road Road, Near Muhammadi Chowk, Shahdara Lahore. (Male)",309,191,,
34,"Nusrat Modle School wandala Road, near Muhammadi Chowk, Shahdara Lahore. (Female)",232,145,,
35,"Al-Suffa Foundation School English Ilam Din Colony , wandala road Shahdara Lahore. (Male)",443,167,,
36,"Al-Suffa Foundation School English Ilam Din Colony , wandala road Shahdara Lahore. (Female)",317,127,,
37,"Govt. Girls Elementary Ex-MCL School Weaving Factory, GT Road, Shahdra, Lahore. (Male)",295,118,,
38,"Govt. Girls Elementary Ex-MCL School Weaving Factory, GT Road, Shahdra, Lahore(Female)",251,109,,
39,"City District Govt. Girls High School, G.T.",325,223,,
40,"City District Govt. Girls High School, G.T. Road, Shahdara Lahore. (Female)",235,172,,
41,"Govt. Vocational Training Institute, Matchis Factory, Shahdara, Lahore",199,85,,
42,"CDG Girls High School, Machis Factory Shahdara, Lahore (Male)",121,22,,
43,"CDG Girls High School, Machis Factory Shahdara, Lahore (Female)",239,98,,
44,Govt. Boys Primary school  weaving Factory  Shahdara Lahore. (Combined),211,91,,
45,Govt College of Technology Potry Tevta Match Factory Shahdara Lahore (Male),405,107,,
46,Govt College of Technology Potry Tevta Match Factory Shahdara Lahore (Female),319,96,,
47,"Govt. Boys High School, Chota Gaon, Street No.25, Jinnah Road, Islampura, Shahdara Lahore. (Male)",292,92,,
48,"Govt. Boys High School,Chota Gaon,Street No.25, Jinnah Road, Islampura,  Shahdara Lahore. (Female)",202,61,,
49,"The Learner School Kala Khatai Mor Near, Ali Park, Shahdara, Lahore (Male)",193,568,,
50,"The Learner School Kala Khatai Mor Near, Ali Park, Shahdara, Lahore (Female)",123,336,,
51,"UK School, Ali Park Garvi Mohalla, Shahdara, Lahore (Male)",279,107,,
52,"UK School, Ali Park Garvi Mohalla, Shahdara, Lahore (Female)",113,59,,
53,"Stars high school Faisal Park Imamia Colony Campus, Shahdara Lahore (Male)",356,156,,
54,"Stars high School Faisal Park Imamia Clolony Campus, Shahdara Lahore (Female)",252,132,,
55,"Allied School, Barkat Town, Faisal Park, Shahdara, Lahore (Female)",159,98,,
56,"Allied School, Barkat Town, Faisal Park, Shahdara, Lahore (Male)",291,166,,
57,"City District Govt. High School, Haji Kot, Kala Khatai Road, Shahadra, Lahore (Male-I)",255,171,,
58,"City District Govt. High School, Haji Kot, Kala Khatai Road, Shahadra, Lahore (Female-I)",127,156,,
59,"City District Govt. High School, Haji Kot, Kala Khatai Road, Shahadra, Lahore (Male-II)",335,193,,
60,"City District Govt. High School, Haji Kot, Kala Khatai Road, Shahadra, Lahore (Female-II)",200,156,,
61,"Al-Farooq High School, Javaid Park, Kala Khatai Road, Shahdara (Male)",158,197,,
62,"Al-Farooq High School, Javaid Park, Kala Khatai Road, Shahara (Female)",90,148,,
63,"Govt. Girls Primary School Javaid Par, Kala Khatai Road, Shahdara Lahore",271,252,,
64,"CDG Middle School Barkat Town, Shahdra, Lahore (Male-I)",226,181,,
65,"CDG Middle School Barkat Town, Shahdra, Lahore (Male-II)",445,287,,
66,"Ideal Public School, Street No.10, Barkat Town, Shahdara, Lahore (Female-I)",210,216,,
67,"Ideal Public School, Street No.10, Barkat Town, Shahdara, Lahore (Female-II)",208,155,,
68,"PSE Law College, Nain Sukh, Shahdara",404,359,,
69,"Govt. Public Modle High School for Boys, Nain Sukh, Parchi Stop  Shahdara Lahore",218,315,,
70,Universal Grammar School Barkat Town,95,54,,
71,"Govt. Public Modle High School for Boys Nain  Sukh, Parchi Stop, Shahdara , Lahore (Male-I)",272,318,,
72,"Govt. Public Modle High School for Boys Nain  Sukh, Parchi Stop Shahdara , Lahore (Male-II)",351,311,,
73,"Govt Girls High School Nain Sukh, Al Jant Road Shahdara (Female-I)",191,300,,
74,"Govt Girls High School Nain Sukh, Al Jant Road Shahdara (Female-II)",142,301,,
75,"City District Govt. High School for Boys , Meraj Park, Begum Kot, Shahdara Lahore (Male)",213,124,,
76,The SKIAM High School Ali Block Begum Kot (Combined),157,100,,
77,"City District Govt. High School for Boys, Meraj Park, Begum Kot Shahdara Lahore (Female-I)",170,94,,
78,"City District Govt. High School for Boys , Meraj Park, Begum Kot Shahdara Lahore (Female-II)",125,203,,
79,The SKIAM High School Ali Block Begum Kot (Male),251,219,,
80,"New Campus of Education Begum Kot Shahdara, Lahore (Combined)",96,654,,
81,"New Campus of Education Begum Kot Shahdara, Lahore (Male)",250,158,,
82,"New Campus of Education Begum Kot Shahdara, Lahore (Female)",190,157,,
83,Allied School (Now Smart School)  near Pole Sui Gas Office Chowk BegumKot Shahdara Lahore (Male),190,265,,
84,Allied School (Now Smart School)  near Pole Sui Gas Office Chowk BegumKot Shahdara Lahore (Female),96,234,,
85,"CDG Dispensary, Begum Kot, Shahdara Lahore (Male)",141,215,,
86,"Campus of Education Shoukat Colony, Begum Kot, Shahdara Lahore (Combined)",110,279,,
87,"CDG Dispensary, Begum Kot, Shahdara Lahore (Female)",87,205,,
88,"Government Girls Elementary School Aziz Coloney Farrukhabad Shahdara, Lahore",167,216,,
89,"CDG Boys Middle School, Farakh Abad, Baradari Road, Shahdara, Lahore (Male-I)",188,316,,
90,"CDG Boys Middle School, Farakh Abad, Baradari Road, Shahdara, Lahore (Female-I)",93,260,,
91,"CDG Boys Middle School, Farakh Abad, Baradari Road, Shahdara, Lahore (Male-II)",223,380,,
92,"CDG Boys Middle School, Farakh Abad, Baradari Road, Shahdara, Lahore (Female-II)",134,323,,
93,"Al-Meraj School Saeed Park, Shahdar Lahore",297,105,,
94,"Al-Meraj Grammer School near Bilal Petrol Pump, Old G.T.Road, Shahdara Lahore (Male)",416,250,,
95,"Al-Meraj Grammer School near Bilal Petrol Pump, Old G.T.Road, Shahdara Lahore (Female)",276,166,,
96,"Al-Meraj Grammer School near Bilal Petrol Pump, Old G.T.Road, Shahdara Lahore (Combined)",394,328,,
97,"Dar-e-Arqam School near Laal Haveli Shahdara, Lahore (Combined-I)",401,236,,
98,"Dar-e-Arqam School near Laal Haveli Shahdara, Lahore (Combined-II)",235,170,,
99,"Govt. Girls Primary School, Malik Park, Shahdara, Lahore",275,208,,
100,"Friends School, Malik Park, Shahdara, Lahore (Male-I)",195,164,,
101,"Friends School, Malik Park, Shahdara, Lahore (Male-II)",136,128,,
102,"Zahid Islamic Public High School, Lalaazar Colony, Malik Park, Shahdara",216,250,,
103,"Tahir Foundation High School, Malik Park, Bara Dari Road",121,201,,
104,"Disposal Station, Stop No.25 Furkh Abad, Shahdara Lahore (Combined)",194,226,,
105,"Disposal Station, Stop No.25 Furkh Abad, Shahdara Lahore (Female)",71,122,,
106,"CDG Boys Middle School, Tar Garh, Shahdara, Lahore (Male)",201,214,,
107,"CDG Boys Middle School, Tar Garh, Shahdara, Lahore (Combined)",99,313,,
108,"CDG Boys Middle School, Tar Garh, Shahdara, Lahore (Female)",116,175,,
109,"M.I.Wellup Girls Secondary School Chaman Colony Near Shadara More, Lahore (Combined)",249,193,,
110,"M.I.Wellup Girls Secondary School Chaman Colony Near Shadara More, Lahore (Male)",416,256,,
111,mi wellup girls secondar school (female),267,215,,
112,"Akhwan ul Muslimin High School, Anayat Park, Lahore (Combined)",198,99,,
113,"Akhwan ul Muslimin High School, Anayat Park, Lahore (Male)",378,280,,
114,"CDG Master Ghulam Muhammad Boys High School, Chowk Khair Din, Jia Moosa, Lahore (Combined-I)",193,105,,
115,City District Govt. Master Ghulam Muhammad  High School Jia Musa Shahdara Lahore,236,207,,
116,"CDG Master Ghulam Muhammad Boys High School, Chowk Khair Din, Jia Moosa, Lahore (Combined-II)",223,166,,
117,"Star Academy 35 GT Road, Shahdra Lahore (Male-I)",289,211,,
118,"Star Academy 35 GT Road, Shahdra Lahore (Female-I)",194,134,,
119,"Star Academy 35 GT Road, Shahdra Lahore (Male-II)",332,183,,
120,"Star Academy 35 GT Road, Shahdra Lahore (Female-II)",190,124,,
121,Akhwan ul Muslimin Girls School Fazlan WAli GAli Jia Musa,388,295,,
122,CDG Girls High School Jia Moosa Shahdara Lahore (Male),374,377,,
123,CDG Girls High School Jia Moosa Shahdara Lahore (Female),234,287,,
124,CDG Girls High School Jia Moosa Shahdara Lahore (Combined),252,269,,
125,"Al-Qalam Model High School, (Campus-I) Yousaf Park, Shahdara (Combined-I)",392,218,,
126,"Al-Qalam Model High School, (CAMPUS-II) Yousaf Park, Shahdara (Male)",470,234,,
127,"Tahir Foundation School, St. No. 5,  Yousaf Park, Lahore (Combined)",311,174,,
128,"Al-Qalam Model High School,(Campus-II) Yousaf Park, Shahdara (Female)",244,194,,
129,"Tahir Foundation School, St. No. 5,  Yousaf Park, Lahore (Male)",366,248,,
130,"Tahir Foundation School, St. No. 5,  Yousaf Park, Lahore (Female)",228,181,,
131,"Al-Qalam Model High School, (Campus-I), Yousaf Park, Shahdara (Combined-II)",284,185,,
132,"The Educators School , 25 No. Stop 82 foot pindi das road Shadara (Male)",386,316,,
133,"The Educators School , 25 No. Stop 82 foot pindi das road Shadara (Female)",239,229,,
134,City District Girls Elementary School Begum Kot (Male-I),203,183,,
135,City District Girls Elementary School Begum Kot (Male-II),173,195,,
136,City District Girls Elementary School Begum Kot (Male-III),249,259,,
137,City District Girls Elementary School Begum Kot (Female-I),192,302,,
138,City District Girls Elementary School Begum Kot (Female-II),145,276,,
139,Lahore Public School Fazal Park Shahdara Lahore (Male-I),133,197,,
140,Lahore Public School Fazal Park Shahdara Lahore (Male-II),95,219,,
141,Lahore Public School Fazal Park Shahdara Lahore (Female),129,381,,
142,"Raza Public School Shoukat Colony near Jamia Naeem ul Quran, Shahdara Lahore",208,289,,
143,"Campus of Education Shoukat Colony, Begum Kot, Shahdara Lahore (Female)",140,240,,
144,"Pakistan Grammar School Rehmat Building Fazal Park Shahdara, Lahore (Combined-I)",73,215,,
145,"Pakistan Grammar School Rehmat Building Fazal Park Shahdara, Lahore (Male)",194,265,,
146,"Pakistan Grammar School Rehmat Building Fazal Park Shahdara, Lahore (Female)",99,244,,
147,CDG Boys Middle School Yousaf Park Lahore (Combined),465,207,,
148,CDG Boys Middle School Yousaf Park Lahore (Male),474,246,,
149,CDG Boys Middle School Yousaf Park Lahore (Female),262,179,,
150,"Govt. Islahi Middle School, Abdullah Block, Yousaf Park, Shahdara, Lahore (Male)",307,224,,
151,"Govt. Islahi Middle School, Abdullah Block, Yousaf Park, Shahdara, Lahore (Female)",206,170,,
152,Islamia Modle Girls Higher Secondary School Bota Park Shahdara Lahore (Male),314,333,,
153,Islamia Modle Girls Higher Secondary School Bota Park Shahdara Lahore (Female),167,253,,
154,"Mount Everest High School, Ghosia Steet No. 6, Yousaf Park, Shahdara, Lahore",263,203,,
155,"Govt. Primary School, Mian Feroze Park, Shahdrah, Lahore (Male-I)",187,194,,
156,"Govt. Primary School, Mian Feroze Park, Shahdrah, Lahore (Male-II)",145,97,,
157,"Lahore Grammar School Mian Feroz Park Street No. 02 Shahdara, Lahore",169,251,,
158,"Oriental School Kot Muhammad Hussain Kala Khatai Road, Shahdara Lahore (Combined)",176,238,,
159,Zikrya Foundation School Jameel Park Shahdara Lahore,271,315,,
160,"Oriental School Kot Muhammad Hussain Kala Khatai Road, Shahdara Lahore (Female)",163,238,,
161,"Tahir Foundation High School, Qaiser Town Shahdra (Combined-I)",222,294,,
162,"Tahir Foundation High School, Qaiser Town Shahdra (Combined-II)",326,368,,
163,"Govt. Girls Model Middle  School, Bhutto Colony, Shahdara, Lahore",351,268,,
164,"Mateen Fatima School, Bhatto Colony, Shahdrah",232,108,,
165,"Govt. Primary School, Kot Ilam Din, Tibba Shahdara, Lahore (Male)",335,201,,
166,"Govt. Primary School, Kot Ilam Din, Tibba Shahdara, Lahore (Female)",232,184,,
167,Govt. Primary School Abbas Nagar Shahdara Lahore (Combined-I),266,200,,
168,Govt. Primary School Abbas Nagar Shahdara Lahore (Combined-II),223,193,,
